/group/director2096/trettelbach/images//1078336032_223-231MHz_YY_r-1.0_v2.1.fits,2
/group/director2096/trettelbach/images//1060093416_208-216MHz_XX_r-1.0_v2.1.fits,2
/group/director2096/trettelbach/images//1060093416_208-216MHz_YY_r-1.0_v2.1.fits,2
/group/director2096/trettelbach/images//1060093416_223-231MHz_XX_r-1.0_v2.1.fits,2
/group/director2096/trettelbach/images//1060093416_223-231MHz_YY_r-1.0_v2.1.fits,2
/group/director2096/trettelbach/images//1060094616_216-223MHz_YY_r-1.0_v2.1.fits,2
/group/director2096/trettelbach/images//1060095096_193-200MHz_XX_r-1.0_v2.1.fits,2
/group/director2096/trettelbach/images//1060095096_193-200MHz_YY_r-1.0_v2.1.fits,2
/group/director2096/trettelbach/images//1060095216_200-208MHz_XX_r-1.0_v2.1.fits,2
/group/director2096/trettelbach/images//1060095216_200-208MHz_YY_r-1.0_v2.1.fits,2
/group/director2096/trettelbach/images//1060095216_216-223MHz_XX_r-1.0_v2.1.fits,2
/group/director2096/trettelbach/images//1060095216_216-223MHz_YY_r-1.0_v2.1.fits,2
/group/director2096/trettelbach/images//1060095696_193-200MHz_YY_r-1.0_v2.1.fits,2
/group/director2096/trettelbach/images//1060095816_200-208MHz_XX_r-1.0_v2.1.fits,2
/group/director2096/trettelbach/images//1060095816_208-216MHz_XX_r-1.0_v2.1.fits,2
/group/director2096/trettelbach/images//1060095816_216-223MHz_XX_r-1.0_v2.1.fits,2
/group/director2096/trettelbach/images//1060095816_216-223MHz_YY_r-1.0_v2.1.fits,2
/group/director2096/trettelbach/images//1060095816_223-231MHz_YY_r-1.0_v2.1.fits,2
/group/director2096/trettelbach/images//1060096296_193-200MHz_XX_r-1.0_v2.1.fits,2
/group/director2096/trettelbach/images//1060096416_200-208MHz_XX_r-1.0_v2.1.fits,2
/group/director2096/trettelbach/images//1060096416_200-208MHz_YY_r-1.0_v2.1.fits,2
/group/director2096/trettelbach/images//1060096416_208-216MHz_XX_r-1.0_v2.1.fits,2
/group/director2096/trettelbach/images//1060096416_216-223MHz_XX_r-1.0_v2.1.fits,2
/group/director2096/trettelbach/images//1060096416_223-231MHz_XX_r-1.0_v2.1.fits,2
/group/director2096/trettelbach/images//1060096896_193-200MHz_YY_r-1.0_v2.1.fits,2
/group/director2096/trettelbach/images//1060097016_200-208MHz_XX_r-1.0_v2.1.fits,2
/group/director2096/trettelbach/images//1060097016_200-208MHz_YY_r-1.0_v2.1.fits,2
/group/director2096/trettelbach/images//1060097016_208-216MHz_YY_r-1.0_v2.1.fits,2
/group/director2096/trettelbach/images//1060097016_216-223MHz_XX_r-1.0_v2.1.fits,2
/group/director2096/trettelbach/images//1060097016_216-223MHz_YY_r-1.0_v2.1.fits,2
/group/director2096/trettelbach/images//1060097016_223-231MHz_XX_r-1.0_v2.1.fits,2
/group/director2096/trettelbach/images//1060097496_193-200MHz_XX_r-1.0_v2.1.fits,2
/group/director2096/trettelbach/images//1060097496_193-200MHz_YY_r-1.0_v2.1.fits,2
/group/director2096/trettelbach/images//1060097616_208-216MHz_YY_r-1.0_v2.1.fits,2
/group/director2096/trettelbach/images//1060097976_162-170MHz_XX_r-1.0_v2.1.fits,2
/group/director2096/trettelbach/images//1060106616_200-208MHz_XX_r-1.0_v2.1.fits,2
/group/director2096/trettelbach/images//1060106616_200-208MHz_YY_r-1.0_v2.1.fits,2
/group/director2096/trettelbach/images//1060107216_200-208MHz_XX_r-1.0_v2.1.fits,2
/group/director2096/trettelbach/images//1060107216_200-208MHz_YY_r-1.0_v2.1.fits,2
/group/director2096/trettelbach/images//1060107816_200-208MHz_XX_r-1.0_v2.1.fits,2
/group/director2096/trettelbach/images//1060107816_200-208MHz_YY_r-1.0_v2.1.fits,2
/group/director2096/trettelbach/images//1060868896_223-231MHz_XX_r-1.0_v2.1.fits,2
/group/director2096/trettelbach/images//1060869496_200-208MHz_XX_r-1.0_v2.1.fits,2
/group/director2096/trettelbach/images//1060869496_216-223MHz_XX_r-1.0_v2.1.fits,2
/group/director2096/trettelbach/images//1060870096_223-231MHz_XX_r-1.0_v2.1.fits,2
/group/director2096/trettelbach/images//1060871896_223-231MHz_YY_r-1.0_v2.1.fits,2
/group/director2096/trettelbach/images//1060872496_223-231MHz_XX_r-1.0_v2.1.fits,2
/group/director2096/trettelbach/images//1060872496_223-231MHz_YY_r-1.0_v2.1.fits,2
/group/director2096/trettelbach/images//1060873696_200-208MHz_YY_r-1.0_v2.1.fits,2
/group/director2096/trettelbach/images//1060873696_208-216MHz_XX_r-1.0_v2.1.fits,2
/group/director2096/trettelbach/images//1060873696_216-223MHz_XX_r-1.0_v2.1.fits,2
/group/director2096/trettelbach/images//1060873696_216-223MHz_YY_r-1.0_v2.1.fits,2
/group/director2096/trettelbach/images//1060874896_200-208MHz_XX_r-1.0_v2.1.fits,2
/group/director2096/trettelbach/images//1060874896_200-208MHz_YY_r-1.0_v2.1.fits,2
/group/director2096/trettelbach/images//1060874896_208-216MHz_XX_r-1.0_v2.1.fits,2
/group/director2096/trettelbach/images//1060874896_216-223MHz_XX_r-1.0_v2.1.fits,2
/group/director2096/trettelbach/images//1060875496_208-216MHz_XX_r-1.0_v2.1.fits,2
/group/director2096/trettelbach/images//1060880296_208-216MHz_YY_r-1.0_v2.1.fits,2
/group/director2096/trettelbach/images//1060882096_208-216MHz_XX_r-1.0_v2.1.fits,2
/group/director2096/trettelbach/images//1060882096_208-216MHz_YY_r-1.0_v2.1.fits,2
/group/director2096/trettelbach/images//1060882696_208-216MHz_XX_r-1.0_v2.1.fits,2
/group/director2096/trettelbach/images//1060882696_208-216MHz_YY_r-1.0_v2.1.fits,2
/group/director2096/trettelbach/images//1060882696_216-223MHz_YY_r-1.0_v2.1.fits,2
/group/director2096/trettelbach/images//1060882696_223-231MHz_XX_r-1.0_v2.1.fits,2
/group/director2096/trettelbach/images//1060882696_223-231MHz_YY_r-1.0_v2.1.fits,2
/group/director2096/trettelbach/images//1060883896_223-231MHz_XX_r-1.0_v2.1.fits,2
/group/director2096/trettelbach/images//1060883896_223-231MHz_YY_r-1.0_v2.1.fits,2
/group/director2096/trettelbach/images//1060095216_223-231MHz_XX_r-1.0_v2.1.fits,2
/group/director2096/trettelbach/images//1060096416_216-223MHz_YY_r-1.0_v2.1.fits,2
/group/director2096/trettelbach/images//1060097976_154-162MHz_YY_r-1.0_v2.1.fits,2
/group/director2096/trettelbach/images//1060871896_223-231MHz_XX_r-1.0_v2.1.fits,2
/group/director2096/trettelbach/images//1060874896_216-223MHz_YY_r-1.0_v2.1.fits,2
/group/director2096/trettelbach/images//1060892896_200-208MHz_XX_r-1.0_v2.1.fits,2
/group/director2096/trettelbach/images//1061474800_154-162MHz_XX_r-1.0_v2.1.fits,2
/group/director2096/trettelbach/images//1061476600_147-154MHz_XX_r-1.0_v2.1.fits,2
/group/director2096/trettelbach/images//1067797672_223-231MHz_YY_r-1.0_v2.1.fits,2
/group/director2096/trettelbach/images//1067970000_216-223MHz_YY_r-1.0_v2.1.fits,2
/group/director2096/trettelbach/images//1078334232_208-216MHz_YY_r-1.0_v2.1.fits,2
/group/director2096/trettelbach/images//1061473120_193-200MHz_XX_r-1.0_v2.1.fits,2
/group/director2096/trettelbach/images//1061473720_193-200MHz_XX_r-1.0_v2.1.fits,2
/group/director2096/trettelbach/images//1061473720_193-200MHz_YY_r-1.0_v2.1.fits,2
/group/director2096/trettelbach/images//1061474200_139-147MHz_YY_r-1.0_v2.1.fits,2
/group/director2096/trettelbach/images//1061474200_147-154MHz_XX_r-1.0_v2.1.fits,2
/group/director2096/trettelbach/images//1061474200_147-154MHz_YY_r-1.0_v2.1.fits,2
/group/director2096/trettelbach/images//1061474200_154-162MHz_XX_r-1.0_v2.1.fits,2
/group/director2096/trettelbach/images//1061474200_154-162MHz_YY_r-1.0_v2.1.fits,2
/group/director2096/trettelbach/images//1061474200_162-170MHz_YY_r-1.0_v2.1.fits,2
/group/director2096/trettelbach/images//1061474800_139-147MHz_YY_r-1.0_v2.1.fits,2
/group/director2096/trettelbach/images//1061474800_147-154MHz_YY_r-1.0_v2.1.fits,2
/group/director2096/trettelbach/images//1061474800_154-162MHz_YY_r-1.0_v2.1.fits,2
/group/director2096/trettelbach/images//1061474800_162-170MHz_YY_r-1.0_v2.1.fits,2
/group/director2096/trettelbach/images//1061474920_193-200MHz_XX_r-1.0_v2.1.fits,2
/group/director2096/trettelbach/images//1061475400_139-147MHz_XX_r-1.0_v2.1.fits,2
/group/director2096/trettelbach/images//1061475400_147-154MHz_XX_r-1.0_v2.1.fits,2
/group/director2096/trettelbach/images//1061475400_147-154MHz_YY_r-1.0_v2.1.fits,2
/group/director2096/trettelbach/images//1061475400_154-162MHz_YY_r-1.0_v2.1.fits,2
/group/director2096/trettelbach/images//1061475520_193-200MHz_XX_r-1.0_v2.1.fits,2
/group/director2096/trettelbach/images//1061475520_193-200MHz_YY_r-1.0_v2.1.fits,2
/group/director2096/trettelbach/images//1061476000_147-154MHz_YY_r-1.0_v2.1.fits,2
/group/director2096/trettelbach/images//1061476000_154-162MHz_YY_r-1.0_v2.1.fits,2
/group/director2096/trettelbach/images//1061476600_147-154MHz_YY_r-1.0_v2.1.fits,2
/group/director2096/trettelbach/images//1061476600_154-162MHz_YY_r-1.0_v2.1.fits,2
/group/director2096/trettelbach/images//1061476720_193-200MHz_XX_r-1.0_v2.1.fits,2
/group/director2096/trettelbach/images//1061476720_193-200MHz_YY_r-1.0_v2.1.fits,2
/group/director2096/trettelbach/images//1061477200_139-147MHz_YY_r-1.0_v2.1.fits,2
/group/director2096/trettelbach/images//1061477200_154-162MHz_YY_r-1.0_v2.1.fits,2
/group/director2096/trettelbach/images//1061477920_193-200MHz_YY_r-1.0_v2.1.fits,2
/group/director2096/trettelbach/images//1061478640_200-208MHz_XX_r-1.0_v2.1.fits,2
/group/director2096/trettelbach/images//1061478640_208-216MHz_XX_r-1.0_v2.1.fits,2
/group/director2096/trettelbach/images//1061478640_223-231MHz_YY_r-1.0_v2.1.fits,2
/group/director2096/trettelbach/images//1061484040_216-223MHz_YY_r-1.0_v2.1.fits,2
/group/director2096/trettelbach/images//1067799472_223-231MHz_YY_r-1.0_v2.1.fits,2
/group/director2096/trettelbach/images//1067968800_216-223MHz_YY_r-1.0_v2.1.fits,2
/group/director2096/trettelbach/images//1067968800_223-231MHz_YY_r-1.0_v2.1.fits,2
/group/director2096/trettelbach/images//1067969400_208-216MHz_XX_r-1.0_v2.1.fits,2
/group/director2096/trettelbach/images//1067969400_208-216MHz_YY_r-1.0_v2.1.fits,2
/group/director2096/trettelbach/images//1067969400_216-223MHz_YY_r-1.0_v2.1.fits,2
/group/director2096/trettelbach/images//1067969400_223-231MHz_XX_r-1.0_v2.1.fits,2
/group/director2096/trettelbach/images//1067969400_223-231MHz_YY_r-1.0_v2.1.fits,2
/group/director2096/trettelbach/images//1067970000_200-208MHz_XX_r-1.0_v2.1.fits,2
/group/director2096/trettelbach/images//1067970000_208-216MHz_XX_r-1.0_v2.1.fits,2
/group/director2096/trettelbach/images//1067970000_208-216MHz_YY_r-1.0_v2.1.fits,2
/group/director2096/trettelbach/images//1067970000_223-231MHz_XX_r-1.0_v2.1.fits,2
/group/director2096/trettelbach/images//1067970000_223-231MHz_YY_r-1.0_v2.1.fits,2
/group/director2096/trettelbach/images//1077905696_177-185MHz_YY_r-1.0_v2.1.fits,2
/group/director2096/trettelbach/images//1077905696_185-193MHz_YY_r-1.0_v2.1.fits,2
/group/director2096/trettelbach/images//1077906288_185-193MHz_XX_r-1.0_v2.1.fits,2
/group/director2096/trettelbach/images//1077906888_177-185MHz_YY_r-1.0_v2.1.fits,2
/group/director2096/trettelbach/images//1077906888_185-193MHz_YY_r-1.0_v2.1.fits,2
/group/director2096/trettelbach/images//1077907496_185-193MHz_YY_r-1.0_v2.1.fits,2
/group/director2096/trettelbach/images//1077908688_185-193MHz_XX_r-1.0_v2.1.fits,2
/group/director2096/trettelbach/images//1078334232_200-208MHz_YY_r-1.0_v2.1.fits,2
/group/director2096/trettelbach/images//1078334232_208-216MHz_XX_r-1.0_v2.1.fits,2
/group/director2096/trettelbach/images//1078334232_216-223MHz_XX_r-1.0_v2.1.fits,2
/group/director2096/trettelbach/images//1078334832_200-208MHz_XX_r-1.0_v2.1.fits,2
/group/director2096/trettelbach/images//1078334832_200-208MHz_YY_r-1.0_v2.1.fits,2
/group/director2096/trettelbach/images//1078334832_208-216MHz_XX_r-1.0_v2.1.fits,2
/group/director2096/trettelbach/images//1078334832_216-223MHz_XX_r-1.0_v2.1.fits,2
/group/director2096/trettelbach/images//1078336032_200-208MHz_XX_r-1.0_v2.1.fits,2
/group/director2096/trettelbach/images//1078336032_200-208MHz_YY_r-1.0_v2.1.fits,2
/group/director2096/trettelbach/images//1078336032_208-216MHz_XX_r-1.0_v2.1.fits,2
/group/director2096/trettelbach/images//1078336032_216-223MHz_XX_r-1.0_v2.1.fits,2
/group/director2096/trettelbach/images//1078336032_216-223MHz_YY_r-1.0_v2.1.fits,2
/group/director2096/trettelbach/images//1078336032_223-231MHz_XX_r-1.0_v2.1.fits,2
/group/director2096/trettelbach/images//1078336632_200-208MHz_XX_r-1.0_v2.1.fits,2
/group/director2096/trettelbach/images//1078336632_200-208MHz_YY_r-1.0_v2.1.fits,2
/group/director2096/trettelbach/images//1078336632_208-216MHz_YY_r-1.0_v2.1.fits,2
/group/director2096/trettelbach/images//1078336632_216-223MHz_XX_r-1.0_v2.1.fits,2
/group/director2096/trettelbach/images//1078336632_216-223MHz_YY_r-1.0_v2.1.fits,2
/group/director2096/trettelbach/images//1078336632_223-231MHz_XX_r-1.0_v2.1.fits,2
/group/director2096/trettelbach/images//1078336632_223-231MHz_YY_r-1.0_v2.1.fits,2
/group/director2096/trettelbach/images//1078337232_200-208MHz_YY_r-1.0_v2.1.fits,2
/group/director2096/trettelbach/images//1078337232_208-216MHz_XX_r-1.0_v2.1.fits,2
/group/director2096/trettelbach/images//1078337232_216-223MHz_XX_r-1.0_v2.1.fits,2
/group/director2096/trettelbach/images//1078337232_223-231MHz_XX_r-1.0_v2.1.fits,2
/group/director2096/trettelbach/images//1078337832_200-208MHz_YY_r-1.0_v2.1.fits,2
/group/director2096/trettelbach/images//1078337832_208-216MHz_XX_r-1.0_v2.1.fits,2
/group/director2096/trettelbach/images//1078337832_216-223MHz_YY_r-1.0_v2.1.fits,2
/group/director2096/trettelbach/images//1078337832_223-231MHz_XX_r-1.0_v2.1.fits,2
/group/director2096/trettelbach/images//1078338432_223-231MHz_XX_r-1.0_v2.1.fits,2
/group/director2096/trettelbach/images//1078338432_223-231MHz_YY_r-1.0_v2.1.fits,2
/group/director2096/trettelbach/images//1078339032_223-231MHz_YY_r-1.0_v2.1.fits,2
/group/director2096/trettelbach/images//1078339632_223-231MHz_XX_r-1.0_v2.1.fits,2
/group/director2096/trettelbach/images//1078339632_223-231MHz_YY_r-1.0_v2.1.fits,2
/group/director2096/trettelbach/images//1078340232_223-231MHz_XX_r-1.0_v2.1.fits,2
/group/director2096/trettelbach/images//1078341432_216-223MHz_XX_r-1.0_v2.1.fits,2
/group/director2096/trettelbach/images//1078341432_223-231MHz_YY_r-1.0_v2.1.fits,2
/group/director2096/trettelbach/images//1078342032_200-208MHz_XX_r-1.0_v2.1.fits,2
/group/director2096/trettelbach/images//1078342032_208-216MHz_XX_r-1.0_v2.1.fits,2
/group/director2096/trettelbach/images//1078342032_223-231MHz_XX_r-1.0_v2.1.fits,2
/group/director2096/trettelbach/images//1086459400_216-223MHz_XX_r-1.0_v2.5.fits,2
/group/director2096/trettelbach/images//1086459400_216-223MHz_YY_r-1.0_v2.5.fits,2
/group/director2096/trettelbach/images//1086459400_223-231MHz_XX_r-1.0_v2.1.fits,2
/group/director2096/trettelbach/images//1086459400_223-231MHz_XX_r-1.0_v2.5.fits,2
/group/director2096/trettelbach/images//1086459400_223-231MHz_YY_r-1.0_v2.5.fits,2
/group/director2096/trettelbach/images//1086460000_208-216MHz_XX_r-1.0_v2.5.fits,2
/group/director2096/trettelbach/images//1086460000_208-216MHz_YY_r-1.0_v2.5.fits,2
/group/director2096/trettelbach/images//1086460000_216-223MHz_YY_r-1.0_v2.5.fits,2
/group/director2096/trettelbach/images//1086460000_223-231MHz_YY_r-1.0_v2.5.fits,2
/group/director2096/trettelbach/images//1086460480_185-193MHz_YY_r-1.0_v2.1.fits,2
/group/director2096/trettelbach/images//1086460480_193-200MHz_XX_r-1.0_v2.1.fits,2
/group/director2096/trettelbach/images//1086460480_193-200MHz_YY_r-1.0_v2.1.fits,2
/group/director2096/trettelbach/images//1086460600_208-216MHz_XX_r-1.0_v2.5.fits,2
/group/director2096/trettelbach/images//1086460600_216-223MHz_XX_r-1.0_v2.5.fits,2
/group/director2096/trettelbach/images//1086460600_216-223MHz_YY_r-1.0_v2.5.fits,2
/group/director2096/trettelbach/images//1086460600_223-231MHz_YY_r-1.0_v2.1.fits,2
/group/director2096/trettelbach/images//1086461200_208-216MHz_XX_r-1.0_v2.1.fits,2
/group/director2096/trettelbach/images//1086461200_208-216MHz_XX_r-1.0_v2.5.fits,2
/group/director2096/trettelbach/images//1086461200_208-216MHz_YY_r-1.0_v2.5.fits,2
/group/director2096/trettelbach/images//1086461200_216-223MHz_XX_r-1.0_v2.5.fits,2
/group/director2096/trettelbach/images//1086461200_216-223MHz_YY_r-1.0_v2.1.fits,2
/group/director2096/trettelbach/images//1086461200_216-223MHz_YY_r-1.0_v2.5.fits,2
/group/director2096/trettelbach/images//1086461200_223-231MHz_XX_r-1.0_v2.1.fits,2
/group/director2096/trettelbach/images//1086461200_223-231MHz_XX_r-1.0_v2.5.fits,2
/group/director2096/trettelbach/images//1086461200_223-231MHz_YY_r-1.0_v2.1.fits,2
/group/director2096/trettelbach/images//1086461200_223-231MHz_YY_r-1.0_v2.5.fits,2
/group/director2096/trettelbach/images//1086461800_208-216MHz_XX_r-1.0_v2.5.fits,2
/group/director2096/trettelbach/images//1086461800_208-216MHz_YY_r-1.0_v2.1.fits,2
/group/director2096/trettelbach/images//1086461800_208-216MHz_YY_r-1.0_v2.5.fits,2
/group/director2096/trettelbach/images//1086461800_216-223MHz_YY_r-1.0_v2.1.fits,2
/group/director2096/trettelbach/images//1086461800_216-223MHz_YY_r-1.0_v2.5.fits,2
/group/director2096/trettelbach/images//1086461800_223-231MHz_XX_r-1.0_v2.5.fits,2
/group/director2096/trettelbach/images//1086461800_223-231MHz_YY_r-1.0_v2.5.fits,2
/group/director2096/trettelbach/images//1086462400_208-216MHz_XX_r-1.0_v2.5.fits,2
/group/director2096/trettelbach/images//1086462400_208-216MHz_YY_r-1.0_v2.1.fits,2
/group/director2096/trettelbach/images//1086462400_208-216MHz_YY_r-1.0_v2.5.fits,2
/group/director2096/trettelbach/images//1086462400_216-223MHz_XX_r-1.0_v2.5.fits,2
/group/director2096/trettelbach/images//1086462400_223-231MHz_XX_r-1.0_v2.5.fits,2
/group/director2096/trettelbach/images//1086462880_185-193MHz_XX_r-1.0_v2.1.fits,2
/group/director2096/trettelbach/images//1086462880_193-200MHz_XX_r-1.0_v2.1.fits,2
/group/director2096/trettelbach/images//1086463000_216-223MHz_XX_r-1.0_v2.5.fits,2
/group/director2096/trettelbach/images//1086463000_216-223MHz_YY_r-1.0_v2.1.fits,2
/group/director2096/trettelbach/images//1086463000_216-223MHz_YY_r-1.0_v2.5.fits,2
/group/director2096/trettelbach/images//1086463000_223-231MHz_XX_r-1.0_v2.1.fits,2
/group/director2096/trettelbach/images//1086463000_223-231MHz_XX_r-1.0_v2.5.fits,2
/group/director2096/trettelbach/images//1086463000_223-231MHz_YY_r-1.0_v2.5.fits,2
/group/director2096/trettelbach/images//1086463480_185-193MHz_XX_r-1.0_v2.1.fits,2
/group/director2096/trettelbach/images//1086463480_185-193MHz_YY_r-1.0_v2.1.fits,2
/group/director2096/trettelbach/images//1086463480_193-200MHz_XX_r-1.0_v2.1.fits,2
/group/director2096/trettelbach/images//1086463480_193-200MHz_YY_r-1.0_v2.1.fits,2
/group/director2096/trettelbach/images//1086463600_216-223MHz_YY_r-1.0_v2.5.fits,2
/group/director2096/trettelbach/images//1086463600_223-231MHz_XX_r-1.0_v2.5.fits,2
/group/director2096/trettelbach/images//1086463600_223-231MHz_YY_r-1.0_v2.5.fits,2
/group/director2096/trettelbach/images//1086464080_185-193MHz_XX_r-1.0_v2.1.fits,2
/group/director2096/trettelbach/images//1086464080_185-193MHz_YY_r-1.0_v2.1.fits,2
/group/director2096/trettelbach/images//1086464080_193-200MHz_XX_r-1.0_v2.1.fits,2
/group/director2096/trettelbach/images//1086464080_193-200MHz_YY_r-1.0_v2.1.fits,2
/group/director2096/trettelbach/images//1086464200_223-231MHz_XX_r-1.0_v2.1.fits,2
/group/director2096/trettelbach/images//1086464200_223-231MHz_XX_r-1.0_v2.5.fits,2
/group/director2096/trettelbach/images//1086464200_223-231MHz_YY_r-1.0_v2.1.fits,2
/group/director2096/trettelbach/images//1086465280_193-200MHz_XX_r-1.0_v2.1.fits,2
/group/director2096/trettelbach/images//1086465280_193-200MHz_YY_r-1.0_v2.1.fits,2
/group/director2096/trettelbach/images//1086536560_216-223MHz_XX_r-1.0_v2.1.fits,2
/group/director2096/trettelbach/images//1086536560_216-223MHz_YY_r-1.0_v2.1.fits,2
/group/director2096/trettelbach/images//1086536560_223-231MHz_XX_r-1.0_v2.1.fits,2
/group/director2096/trettelbach/images//1086536560_223-231MHz_YY_r-1.0_v2.1.fits,2
/group/director2096/trettelbach/images//1087149760_193-200MHz_YY_r-1.0_v2.5.fits,2
/group/director2096/trettelbach/images//1087149880_200-208MHz_XX_r-1.0_v2.1.fits,2
/group/director2096/trettelbach/images//1087149880_200-208MHz_XX_r-1.0_v2.5.fits,2
/group/director2096/trettelbach/images//1087149880_200-208MHz_YY_r-1.0_v2.1.fits,2
/group/director2096/trettelbach/images//1087149880_208-216MHz_XX_r-1.0_v2.1.fits,2
/group/director2096/trettelbach/images//1087149880_208-216MHz_XX_r-1.0_v2.5.fits,2
/group/director2096/trettelbach/images//1087149880_208-216MHz_YY_r-1.0_v2.1.fits,2
/group/director2096/trettelbach/images//1087149880_208-216MHz_YY_r-1.0_v2.5.fits,2
/group/director2096/trettelbach/images//1087149880_216-223MHz_XX_r-1.0_v2.1.fits,2
/group/director2096/trettelbach/images//1087149880_216-223MHz_XX_r-1.0_v2.5.fits,2
/group/director2096/trettelbach/images//1087149880_216-223MHz_YY_r-1.0_v2.1.fits,2
/group/director2096/trettelbach/images//1087149880_216-223MHz_YY_r-1.0_v2.5.fits,2
/group/director2096/trettelbach/images//1087154080_208-216MHz_XX_r-1.0_v2.5.fits,2
/group/director2096/trettelbach/images//1087154080_208-216MHz_YY_r-1.0_v2.5.fits,2
/group/director2096/trettelbach/images//1087154080_216-223MHz_XX_r-1.0_v2.5.fits,2
/group/director2096/trettelbach/images//1087154080_216-223MHz_YY_r-1.0_v2.5.fits,2
/group/director2096/trettelbach/images//1087154560_177-185MHz_YY_r-1.0_v2.5.fits,2
/group/director2096/trettelbach/images//1087154560_185-193MHz_XX_r-1.0_v2.5.fits,2
/group/director2096/trettelbach/images//1087154560_185-193MHz_YY_r-1.0_v2.5.fits,2
/group/director2096/trettelbach/images//1087154560_193-200MHz_YY_r-1.0_v2.5.fits,2
/group/director2096/trettelbach/images//1087154680_200-208MHz_XX_r-1.0_v2.5.fits,2
/group/director2096/trettelbach/images//1087154680_208-216MHz_XX_r-1.0_v2.5.fits,2
/group/director2096/trettelbach/images//1087155160_193-200MHz_XX_r-1.0_v2.5.fits,2
/group/director2096/trettelbach/images//1087153480_208-216MHz_YY_r-1.0_v2.5.fits,2
/group/director2096/trettelbach/images//1087153480_216-223MHz_YY_r-1.0_v2.5.fits,2
/group/director2096/trettelbach/images//1087153480_223-231MHz_XX_r-1.0_v2.5.fits,2
/group/director2096/trettelbach/images//1087153480_223-231MHz_YY_r-1.0_v2.5.fits,2
/group/director2096/trettelbach/images//1087153840_154-162MHz_XX_r-1.0_v2.1.fits,2
/group/director2096/trettelbach/images//1087153960_170-177MHz_XX_r-1.0_v2.5.fits,2
/group/director2096/trettelbach/images//1087153960_177-185MHz_XX_r-1.0_v2.5.fits,2
/group/director2096/trettelbach/images//1087153960_185-193MHz_XX_r-1.0_v2.5.fits,2
/group/director2096/trettelbach/images//1087153960_193-200MHz_XX_r-1.0_v2.5.fits,2
/group/director2096/trettelbach/images//1087153960_193-200MHz_YY_r-1.0_v2.5.fits,2
/group/director2096/trettelbach/images//1087154080_200-208MHz_XX_r-1.0_v2.5.fits,2
/group/director2096/trettelbach/images//1087152880_223-231MHz_XX_r-1.0_v2.5.fits,2
/group/director2096/trettelbach/images//1087152880_223-231MHz_YY_r-1.0_v2.5.fits,2
/group/director2096/trettelbach/images//1087153240_154-162MHz_XX_r-1.0_v2.1.fits,2
/group/director2096/trettelbach/images//1087153240_154-162MHz_YY_r-1.0_v2.1.fits,2
/group/director2096/trettelbach/images//1087153240_162-170MHz_XX_r-1.0_v2.1.fits,2
/group/director2096/trettelbach/images//1087153240_162-170MHz_YY_r-1.0_v2.1.fits,2
/group/director2096/trettelbach/images//1087153360_170-177MHz_XX_r-1.0_v2.5.fits,2
/group/director2096/trettelbach/images//1087153360_185-193MHz_XX_r-1.0_v2.5.fits,2
/group/director2096/trettelbach/images//1087153360_185-193MHz_YY_r-1.0_v2.5.fits,2
/group/director2096/trettelbach/images//1087153360_193-200MHz_XX_r-1.0_v2.5.fits,2
/group/director2096/trettelbach/images//1087153480_200-208MHz_XX_r-1.0_v2.5.fits,2
/group/director2096/trettelbach/images//1078337832_200-208MHz_XX_r-1.0_v2.1.fits,2
/group/director2096/trettelbach/images//1078341432_216-223MHz_YY_r-1.0_v2.1.fits,2
/group/director2096/trettelbach/images//1086460000_216-223MHz_XX_r-1.0_v2.5.fits,2
/group/director2096/trettelbach/images//1086461200_208-216MHz_YY_r-1.0_v2.1.fits,2
/group/director2096/trettelbach/images//1086461800_216-223MHz_XX_r-1.0_v2.5.fits,2
/group/director2096/trettelbach/images//1086463000_216-223MHz_XX_r-1.0_v2.1.fits,2
/group/director2096/trettelbach/images//1086463600_223-231MHz_XX_r-1.0_v2.1.fits,2
/group/director2096/trettelbach/images//1086533560_223-231MHz_YY_r-1.0_v2.5.fits,2
/group/director2096/trettelbach/images//1087149880_223-231MHz_XX_r-1.0_v2.5.fits,2
/group/director2096/trettelbach/images//1087150480_208-216MHz_YY_r-1.0_v2.1.fits,2
/group/director2096/trettelbach/images//1087150960_193-200MHz_XX_r-1.0_v2.5.fits,2
/group/director2096/trettelbach/images//1087151080_223-231MHz_XX_r-1.0_v2.5.fits,2
/group/director2096/trettelbach/images//1087151680_200-208MHz_YY_r-1.0_v2.1.fits,2
/group/director2096/trettelbach/images//1087152160_177-185MHz_YY_r-1.0_v2.5.fits,2
/group/director2096/trettelbach/images//1087152280_216-223MHz_YY_r-1.0_v2.5.fits,2
/group/director2096/trettelbach/images//1087152880_216-223MHz_YY_r-1.0_v2.5.fits,2
/group/director2096/trettelbach/images//1087153480_208-216MHz_XX_r-1.0_v2.5.fits,2
/group/director2096/trettelbach/images//1087154080_200-208MHz_YY_r-1.0_v2.5.fits,2
/group/director2096/trettelbach/images//1087152280_223-231MHz_XX_r-1.0_v2.5.fits,2
/group/director2096/trettelbach/images//1087152280_223-231MHz_YY_r-1.0_v2.5.fits,2
/group/director2096/trettelbach/images//1087152760_170-177MHz_XX_r-1.0_v2.5.fits,2
/group/director2096/trettelbach/images//1087152760_170-177MHz_YY_r-1.0_v2.5.fits,2
/group/director2096/trettelbach/images//1087152760_185-193MHz_YY_r-1.0_v2.5.fits,2
/group/director2096/trettelbach/images//1087152760_193-200MHz_XX_r-1.0_v2.5.fits,2
/group/director2096/trettelbach/images//1087152880_200-208MHz_XX_r-1.0_v2.1.fits,2
/group/director2096/trettelbach/images//1087152880_200-208MHz_XX_r-1.0_v2.5.fits,2
/group/director2096/trettelbach/images//1087152880_200-208MHz_YY_r-1.0_v2.1.fits,2
/group/director2096/trettelbach/images//1087152880_200-208MHz_YY_r-1.0_v2.5.fits,2
/group/director2096/trettelbach/images//1087152880_208-216MHz_XX_r-1.0_v2.1.fits,2
/group/director2096/trettelbach/images//1087152160_185-193MHz_XX_r-1.0_v2.5.fits,2
/group/director2096/trettelbach/images//1087152160_193-200MHz_XX_r-1.0_v2.1.fits,2
/group/director2096/trettelbach/images//1087152160_193-200MHz_XX_r-1.0_v2.5.fits,2
/group/director2096/trettelbach/images//1087152160_193-200MHz_YY_r-1.0_v2.5.fits,2
/group/director2096/trettelbach/images//1087152280_200-208MHz_XX_r-1.0_v2.1.fits,2
/group/director2096/trettelbach/images//1087152280_200-208MHz_YY_r-1.0_v2.1.fits,2
/group/director2096/trettelbach/images//1087152280_200-208MHz_YY_r-1.0_v2.5.fits,2
/group/director2096/trettelbach/images//1087152280_208-216MHz_XX_r-1.0_v2.1.fits,2
/group/director2096/trettelbach/images//1087152280_208-216MHz_YY_r-1.0_v2.1.fits,2
/group/director2096/trettelbach/images//1087152280_208-216MHz_YY_r-1.0_v2.5.fits,2
/group/director2096/trettelbach/images//1087152280_216-223MHz_XX_r-1.0_v2.5.fits,2
/group/director2096/trettelbach/images//1087151680_208-216MHz_XX_r-1.0_v2.5.fits,2
/group/director2096/trettelbach/images//1087151680_208-216MHz_YY_r-1.0_v2.1.fits,2
/group/director2096/trettelbach/images//1087151680_216-223MHz_XX_r-1.0_v2.1.fits,2
/group/director2096/trettelbach/images//1087151680_216-223MHz_XX_r-1.0_v2.5.fits,2
/group/director2096/trettelbach/images//1087151680_216-223MHz_YY_r-1.0_v2.1.fits,2
/group/director2096/trettelbach/images//1087151680_216-223MHz_YY_r-1.0_v2.5.fits,2
/group/director2096/trettelbach/images//1087151680_223-231MHz_YY_r-1.0_v2.1.fits,2
/group/director2096/trettelbach/images//1087151680_223-231MHz_YY_r-1.0_v2.5.fits,2
/group/director2096/trettelbach/images//1087152160_170-177MHz_XX_r-1.0_v2.5.fits,2
/group/director2096/trettelbach/images//1087152160_170-177MHz_YY_r-1.0_v2.5.fits,2
/group/director2096/trettelbach/images//1087152160_177-185MHz_XX_r-1.0_v2.5.fits,2
/group/director2096/trettelbach/images//1087151080_223-231MHz_YY_r-1.0_v2.1.fits,2
/group/director2096/trettelbach/images//1087151080_223-231MHz_YY_r-1.0_v2.5.fits,2
/group/director2096/trettelbach/images//1087151560_170-177MHz_XX_r-1.0_v2.5.fits,2
/group/director2096/trettelbach/images//1087151560_177-185MHz_XX_r-1.0_v2.5.fits,2
/group/director2096/trettelbach/images//1087151560_177-185MHz_YY_r-1.0_v2.5.fits,2
/group/director2096/trettelbach/images//1087151560_185-193MHz_YY_r-1.0_v2.5.fits,2
/group/director2096/trettelbach/images//1087151560_193-200MHz_XX_r-1.0_v2.1.fits,2
/group/director2096/trettelbach/images//1087151560_193-200MHz_XX_r-1.0_v2.5.fits,2
/group/director2096/trettelbach/images//1087151560_193-200MHz_YY_r-1.0_v2.1.fits,2
/group/director2096/trettelbach/images//1087151560_193-200MHz_YY_r-1.0_v2.5.fits,2
/group/director2096/trettelbach/images//1087151680_200-208MHz_XX_r-1.0_v2.5.fits,2
/group/director2096/trettelbach/images//1087150960_193-200MHz_YY_r-1.0_v2.1.fits,2
/group/director2096/trettelbach/images//1087150960_193-200MHz_YY_r-1.0_v2.5.fits,2
/group/director2096/trettelbach/images//1087151080_200-208MHz_XX_r-1.0_v2.1.fits,2
/group/director2096/trettelbach/images//1087151080_200-208MHz_YY_r-1.0_v2.1.fits,2
/group/director2096/trettelbach/images//1087151080_208-216MHz_XX_r-1.0_v2.1.fits,2
/group/director2096/trettelbach/images//1087151080_208-216MHz_YY_r-1.0_v2.1.fits,2
/group/director2096/trettelbach/images//1087151080_208-216MHz_YY_r-1.0_v2.5.fits,2
/group/director2096/trettelbach/images//1087151080_216-223MHz_XX_r-1.0_v2.5.fits,2
/group/director2096/trettelbach/images//1087151080_216-223MHz_YY_r-1.0_v2.1.fits,2
/group/director2096/trettelbach/images//1087151080_216-223MHz_YY_r-1.0_v2.5.fits,2
/group/director2096/trettelbach/images//1087151080_223-231MHz_XX_r-1.0_v2.1.fits,2
/group/director2096/trettelbach/images//1087150480_208-216MHz_YY_r-1.0_v2.5.fits,2
/group/director2096/trettelbach/images//1087150480_216-223MHz_XX_r-1.0_v2.1.fits,2
/group/director2096/trettelbach/images//1087150480_216-223MHz_YY_r-1.0_v2.1.fits,2
/group/director2096/trettelbach/images//1087150480_223-231MHz_XX_r-1.0_v2.5.fits,2
/group/director2096/trettelbach/images//1087150960_170-177MHz_XX_r-1.0_v2.5.fits,2
/group/director2096/trettelbach/images//1087150960_170-177MHz_YY_r-1.0_v2.5.fits,2
/group/director2096/trettelbach/images//1087150960_177-185MHz_XX_r-1.0_v2.5.fits,2
/group/director2096/trettelbach/images//1087150960_177-185MHz_YY_r-1.0_v2.5.fits,2
/group/director2096/trettelbach/images//1087150960_185-193MHz_XX_r-1.0_v2.1.fits,2
/group/director2096/trettelbach/images//1087150960_185-193MHz_YY_r-1.0_v2.5.fits,2
/group/director2096/trettelbach/images//1087150960_193-200MHz_XX_r-1.0_v2.1.fits,2
/group/director2096/trettelbach/images//1087150360_170-177MHz_YY_r-1.0_v2.5.fits,2
/group/director2096/trettelbach/images//1087150360_177-185MHz_XX_r-1.0_v2.5.fits,2
/group/director2096/trettelbach/images//1087150360_185-193MHz_YY_r-1.0_v2.5.fits,2
/group/director2096/trettelbach/images//1087150360_193-200MHz_XX_r-1.0_v2.1.fits,2
/group/director2096/trettelbach/images//1087150360_193-200MHz_YY_r-1.0_v2.1.fits,2
/group/director2096/trettelbach/images//1087150360_193-200MHz_YY_r-1.0_v2.5.fits,2
/group/director2096/trettelbach/images//1087150480_200-208MHz_XX_r-1.0_v2.1.fits,2
/group/director2096/trettelbach/images//1087150480_200-208MHz_XX_r-1.0_v2.5.fits,2
/group/director2096/trettelbach/images//1087150480_200-208MHz_YY_r-1.0_v2.1.fits,2
/group/director2096/trettelbach/images//1087150480_200-208MHz_YY_r-1.0_v2.5.fits,2
/group/director2096/trettelbach/images//1087150480_208-216MHz_XX_r-1.0_v2.5.fits,2
/group/director2096/trettelbach/images//1061230712_147-154MHz_XX_r-1.0_v2.1_rfi.fits,1
/group/director2096/trettelbach/images//1060093416_216-223MHz_XX_r-1.0_v2.1_rfi.fits,1
/group/director2096/trettelbach/images//1060093896_177-185MHz_XX_r-1.0_v2.1_rfi.fits,1
/group/director2096/trettelbach/images//1060094016_200-208MHz_YY_r-1.0_v2.1.fits,1
/group/director2096/trettelbach/images//1060094016_208-216MHz_XX_r-1.0_v2.1.fits,1
/group/director2096/trettelbach/images//1060094016_208-216MHz_YY_r-1.0_v2.1.fits,1
/group/director2096/trettelbach/images//1060094376_139-147MHz_XX_r-1.0_v2.1_rfi.fits,1
/group/director2096/trettelbach/images//1060094376_162-170MHz_XX_r-1.0_v2.1_rfi.fits,1
/group/director2096/trettelbach/images//1060094496_177-185MHz_XX_r-1.0_v2.1_rfi.fits,1
/group/director2096/trettelbach/images//1060094616_208-216MHz_XX_r-1.0_v2.1.fits,1
/group/director2096/trettelbach/images//1060094616_208-216MHz_YY_r-1.0_v2.1.fits,1
/group/director2096/trettelbach/images//1060094616_223-231MHz_YY_r-1.0_v2.1.fits,1
/group/director2096/trettelbach/images//1060096776_139-147MHz_XX_r-1.0_v2.1_rfi.fits,1
/group/director2096/trettelbach/images//1060097016_223-231MHz_YY_r-1.0_v2.1.fits,1
/group/director2096/trettelbach/images//1060097376_139-147MHz_XX_r-1.0_v2.1_rfi.fits,1
/group/director2096/trettelbach/images//1060097376_154-162MHz_XX_r-1.0_v2.1_rfi.fits,1
/group/director2096/trettelbach/images//1060098216_223-231MHz_XX_r-1.0_v2.1_rfi.fits,1
/group/director2096/trettelbach/images//1060099176_154-162MHz_XX_r-1.0_v2.1_rfi.fits,1
/group/director2096/trettelbach/images//1060099176_162-170MHz_XX_r-1.0_v2.1_rfi.fits,1
/group/director2096/trettelbach/images//1060099776_162-170MHz_XX_r-1.0_v2.1.fits,1
/group/director2096/trettelbach/images//1060100976_147-154MHz_XX_r-1.0_v2.1_rfi.fits,1
/group/director2096/trettelbach/images//1060103016_200-208MHz_XX_r-1.0_v2.1_rfi.fits,1
/group/director2096/trettelbach/images//1060103016_216-223MHz_XX_r-1.0_v2.1_rfi.fits,1
/group/director2096/trettelbach/images//1060104216_208-216MHz_XX_r-1.0_v2.1_rfi.fits,1
/group/director2096/trettelbach/images//1060104576_147-154MHz_XX_r-1.0_v2.1_rfi.fits,1
/group/director2096/trettelbach/images//1060104816_200-208MHz_XX_r-1.0_v2.1_rfi.fits,1
/group/director2096/trettelbach/images//1060104816_216-223MHz_XX_r-1.0_v2.1_rfi.fits,1
/group/director2096/trettelbach/images//1060105296_185-193MHz_XX_r-1.0_v2.1_rfi.fits,1
/group/director2096/trettelbach/images//1060105776_139-147MHz_XX_r-1.0_v2.1_rfi.fits,1
/group/director2096/trettelbach/images//1060105896_170-177MHz_XX_r-1.0_v2.1_rfi.fits,1
/group/director2096/trettelbach/images//1060106976_139-147MHz_XX_r-1.0_v2.1_rfi.fits,1
/group/director2096/trettelbach/images//1060107216_216-223MHz_XX_r-1.0_v2.1_rfi.fits,1
/group/director2096/trettelbach/images//1060107576_139-147MHz_XX_r-1.0_v2.1_rfi.fits,1
/group/director2096/trettelbach/images//1060107576_147-154MHz_XX_r-1.0_v2.1_rfi.fits,1
/group/director2096/trettelbach/images//1060095096_177-185MHz_XX_r-1.0_v2.1_rfi.fits,1
/group/director2096/trettelbach/images//1060103976_154-162MHz_XX_r-1.0_v2.1_rfi.fits,1
/group/director2096/trettelbach/images//1060107576_162-170MHz_XX_r-1.0_v2.1_rfi.fits,1
/group/director2096/trettelbach/images//1060116456_118-126MHz_XX_r-1.0_v2.1_rfi.fits,1
/group/director2096/trettelbach/images//1060119096_170-177MHz_XX_r-1.0_v2.1_rfi.fits,1
/group/director2096/trettelbach/images//1060183056_185-193MHz_XX_r-1.0_v2.1_rfi.fits,1
/group/director2096/trettelbach/images//1060192416_103-111MHz_YY_r-1.0_v2.1.fits,1
/group/director2096/trettelbach/images//1060205136_139-147MHz_XX_r-1.0_v2.1_rfi.fits,1
/group/director2096/trettelbach/images//1061220632_185-193MHz_XX_r-1.0_v2.1_rfi.fits,1
/group/director2096/trettelbach/images//1061224832_170-177MHz_XX_r-1.0_v2.1_rfi.fits,1
/group/director2096/trettelbach/images//1060109016_208-216MHz_XX_r-1.0_v2.1_rfi.fits,1
/group/director2096/trettelbach/images//1060109256_126-134MHz_XX_r-1.0_v2.1_rfi.fits,1
/group/director2096/trettelbach/images//1060110456_103-111MHz_XX_r-1.0_v2.1_rfi.fits,1
/group/director2096/trettelbach/images//1060111416_223-231MHz_XX_r-1.0_v2.1_rfi.fits,1
/group/director2096/trettelbach/images//1060111776_147-154MHz_XX_r-1.0_v2.1_rfi.fits,1
/group/director2096/trettelbach/images//1060112256_118-126MHz_XX_r-1.0_v2.1_rfi.fits,1
/group/director2096/trettelbach/images//1060113096_170-177MHz_XX_r-1.0_v2.1_rfi.fits,1
/group/director2096/trettelbach/images//1060113216_208-216MHz_XX_r-1.0_v2.1_rfi.fits,1
/group/director2096/trettelbach/images//1060113216_223-231MHz_XX_r-1.0_v2.1_rfi.fits,1
/group/director2096/trettelbach/images//1060113456_118-126MHz_XX_r-1.0_v2.1_rfi.fits,1
/group/director2096/trettelbach/images//1060113696_193-200MHz_XX_r-1.0_v2.1_rfi.fits,1
/group/director2096/trettelbach/images//1060116696_193-200MHz_XX_r-1.0_v2.1_rfi.fits,1
/group/director2096/trettelbach/images//1060116816_208-216MHz_XX_r-1.0_v2.1_rfi.fits,1
/group/director2096/trettelbach/images//1060116816_216-223MHz_XX_r-1.0_v2.1_rfi.fits,1
/group/director2096/trettelbach/images//1060117176_147-154MHz_XX_r-1.0_v2.1_rfi.fits,1
/group/director2096/trettelbach/images//1060117176_162-170MHz_XX_r-1.0_v2.1_rfi.fits,1
/group/director2096/trettelbach/images//1060117416_216-223MHz_XX_r-1.0_v2.1_rfi.fits,1
/group/director2096/trettelbach/images//1060117656_103-111MHz_XX_r-1.0_v2.1_rfi.fits,1
/group/director2096/trettelbach/images//1060117776_154-162MHz_XX_r-1.0_v2.1_rfi.fits,1
/group/director2096/trettelbach/images//1060117896_170-177MHz_XX_r-1.0_v2.1_rfi.fits,1
/group/director2096/trettelbach/images//1060118256_111-118MHz_XX_r-1.0_v2.1_rfi.fits,1
/group/director2096/trettelbach/images//1060118256_126-134MHz_XX_r-1.0_v2.1_rfi.fits,1
/group/director2096/trettelbach/images//1060119216_208-216MHz_XX_r-1.0_v2.1_rfi.fits,1
/group/director2096/trettelbach/images//1060119696_170-177MHz_XX_r-1.0_v2.1_rfi.fits,1
/group/director2096/trettelbach/images//1060119696_177-185MHz_XX_r-1.0_v2.1_rfi.fits,1
/group/director2096/trettelbach/images//1060120416_216-223MHz_XX_r-1.0_v2.1_rfi.fits,1
/group/director2096/trettelbach/images//1060121016_200-208MHz_XX_r-1.0_v2.1_rfi.fits,1
/group/director2096/trettelbach/images//1060121016_208-216MHz_XX_r-1.0_v2.1_rfi.fits,1
/group/director2096/trettelbach/images//1060121496_185-193MHz_XX_r-1.0_v2.1_rfi.fits,1
/group/director2096/trettelbach/images//1060121976_162-170MHz_XX_r-1.0_v2.1_rfi.fits,1
/group/director2096/trettelbach/images//1060182576_223-231MHz_XX_r-1.0_v2.1.fits,1
/group/director2096/trettelbach/images//1060182576_223-231MHz_YY_r-1.0_v2.1.fits,1
/group/director2096/trettelbach/images//1060182936_147-154MHz_XX_r-1.0_v2.1_rfi.fits,1
/group/director2096/trettelbach/images//1060183536_139-147MHz_XX_r-1.0_v2.1_rfi.fits,1
/group/director2096/trettelbach/images//1060184136_147-154MHz_XX_r-1.0_v2.1_rfi.fits,1
/group/director2096/trettelbach/images//1060186056_177-185MHz_XX_r-1.0_v2.1_rfi.fits,1
/group/director2096/trettelbach/images//1060187256_170-177MHz_XX_r-1.0_v2.1_rfi.fits,1
/group/director2096/trettelbach/images//1060187856_177-185MHz_XX_r-1.0_v2.1_rfi.fits,1
/group/director2096/trettelbach/images//1060188456_185-193MHz_XX_r-1.0_v2.1_rfi.fits,1
/group/director2096/trettelbach/images//1060189656_185-193MHz_XX_r-1.0_v2.1_rfi.fits,1
/group/director2096/trettelbach/images//1060190136_154-162MHz_XX_r-1.0_v2.1_rfi.fits,1
/group/director2096/trettelbach/images//1060191456_177-185MHz_XX_r-1.0_v2.1_rfi.fits,1
/group/director2096/trettelbach/images//1060192056_185-193MHz_XX_r-1.0_v2.1_rfi.fits,1
/group/director2096/trettelbach/images//1060192416_103-111MHz_XX_r-1.0_v2.1.fits,1
/group/director2096/trettelbach/images//1060193616_103-111MHz_YY_r-1.0_v2.1.fits,1
/group/director2096/trettelbach/images//1060193736_154-162MHz_XX_r-1.0_v2.1_rfi.fits,1
/group/director2096/trettelbach/images//1060195536_147-154MHz_XX_r-1.0_v2.1_rfi.fits,1
/group/director2096/trettelbach/images//1060196136_147-154MHz_XX_r-1.0_v2.1_rfi.fits,1
/group/director2096/trettelbach/images//1060196856_185-193MHz_XX_r-1.0_v2.1_rfi.fits,1
/group/director2096/trettelbach/images//1060199136_162-170MHz_XX_r-1.0_v2.1_rfi.fits,1
/group/director2096/trettelbach/images//1060200336_162-170MHz_XX_r-1.0_v2.1_rfi.fits,1
/group/director2096/trettelbach/images//1060200936_147-154MHz_XX_r-1.0_v2.1_rfi.fits,1
/group/director2096/trettelbach/images//1060201056_170-177MHz_XX_r-1.0_v2.1_rfi.fits,1
/group/director2096/trettelbach/images//1060201656_185-193MHz_XX_r-1.0_v2.1_rfi.fits,1
/group/director2096/trettelbach/images//1060203936_147-154MHz_XX_r-1.0_v2.1_rfi.fits,1
/group/director2096/trettelbach/images//1060205256_177-185MHz_XX_r-1.0_v2.1_rfi.fits,1
/group/director2096/trettelbach/images//1060206936_162-170MHz_XX_r-1.0_v2.1_rfi.fits,1
/group/director2096/trettelbach/images//1060871896_208-216MHz_XX_r-1.0_v2.1.fits,1
/group/director2096/trettelbach/images//1060876696_208-216MHz_XX_r-1.0_v2.1.fits,1
/group/director2096/trettelbach/images//1060876696_208-216MHz_YY_r-1.0_v2.1.fits,1
/group/director2096/trettelbach/images//1060877296_208-216MHz_XX_r-1.0_v2.1.fits,1
/group/director2096/trettelbach/images//1060877296_208-216MHz_YY_r-1.0_v2.1.fits,1
/group/director2096/trettelbach/images//1061217752_208-216MHz_XX_r-1.0_v2.1_rfi.fits,1
/group/director2096/trettelbach/images//1061217752_223-231MHz_XX_r-1.0_v2.1_rfi.fits,1
/group/director2096/trettelbach/images//1061218832_193-200MHz_XX_r-1.0_v2.1_rfi.fits,1
/group/director2096/trettelbach/images//1061220032_170-177MHz_XX_r-1.0_v2.1_rfi.fits,1
/group/director2096/trettelbach/images//1061221352_200-208MHz_XX_r-1.0_v2.1_rfi.fits,1
/group/director2096/trettelbach/images//1061221592_103-111MHz_XX_r-1.0_v2.1_rfi.fits,1
/group/director2096/trettelbach/images//1061221712_154-162MHz_XX_r-1.0_v2.1_rfi.fits,1
/group/director2096/trettelbach/images//1061222792_103-111MHz_XX_r-1.0_v2.1.fits,1
/group/director2096/trettelbach/images//1061222792_103-111MHz_YY_r-1.0_v2.1.fits,1
/group/director2096/trettelbach/images//1061222912_139-147MHz_XX_r-1.0_v2.1_rfi.fits,1
/group/director2096/trettelbach/images//1061223152_208-216MHz_XX_r-1.0_v2.1_rfi.fits,1
/group/director2096/trettelbach/images//1061223152_223-231MHz_XX_r-1.0_v2.1_rfi.fits,1
/group/director2096/trettelbach/images//1061223392_111-118MHz_XX_r-1.0_v2.1_rfi.fits,1
/group/director2096/trettelbach/images//1061223992_103-111MHz_XX_r-1.0_v2.1_rfi.fits,1
/group/director2096/trettelbach/images//1061224112_162-170MHz_XX_r-1.0_v2.1_rfi.fits,1
/group/director2096/trettelbach/images//1061225192_103-111MHz_XX_r-1.0_v2.1.fits,1
/group/director2096/trettelbach/images//1061225192_103-111MHz_YY_r-1.0_v2.1.fits,1
/group/director2096/trettelbach/images//1061225432_193-200MHz_XX_r-1.0_v2.1_rfi.fits,1
/group/director2096/trettelbach/images//1061225792_126-134MHz_XX_r-1.0_v2.1_rfi.fits,1
/group/director2096/trettelbach/images//1061226632_193-200MHz_XX_r-1.0_v2.1_rfi.fits,1
/group/director2096/trettelbach/images//1061228552_216-223MHz_XX_r-1.0_v2.1_rfi.fits,1
/group/director2096/trettelbach/images//1061228792_103-111MHz_XX_r-1.0_v2.1_rfi.fits,1
/group/director2096/trettelbach/images//1061229152_200-208MHz_XX_r-1.0_v2.1_rfi.fits,1
/group/director2096/trettelbach/images//1061229512_139-147MHz_XX_r-1.0_v2.1_rfi.fits,1
/group/director2096/trettelbach/images//1061229632_170-177MHz_XX_r-1.0_v2.1_rfi.fits,1
/group/director2096/trettelbach/images//1061230592_103-111MHz_XX_r-1.0_v2.1_rfi.fits,1
/group/director2096/trettelbach/images//1061230952_223-231MHz_XX_r-1.0_v2.1_rfi.fits,1
/group/director2096/trettelbach/images//1061231072_080-088MHz_XX_r-1.0_v2.1_rfi.fits,1
/group/director2096/trettelbach/images//1061231432_193-200MHz_XX_r-1.0_v2.1_rfi.fits,1
/group/director2096/trettelbach/images//1061231792_111-118MHz_XX_r-1.0_v2.1_rfi.fits,1
/group/director2096/trettelbach/images//1061232272_095-103MHz_XX_r-1.0_v2.1_rfi.fits,1
/group/director2096/trettelbach/images//1061233232_185-193MHz_XX_r-1.0_v2.1_rfi.fits,1
/group/director2096/trettelbach/images//1061234192_111-118MHz_XX_r-1.0_v2.1_rfi.fits,1
/group/director2096/trettelbach/images//1061234192_118-126MHz_XX_r-1.0_v2.1_rfi.fits,1
/group/director2096/trettelbach/images//1061234312_139-147MHz_XX_r-1.0_v2.1_rfi.fits,1
/group/director2096/trettelbach/images//1061234672_095-103MHz_XX_r-1.0_v2.1_rfi.fits,1
/group/director2096/trettelbach/images//1061237312_147-154MHz_XX_r-1.0_v2.1_rfi.fits,1
/group/director2096/trettelbach/images//1061238632_193-200MHz_XX_r-1.0_v2.1_rfi.fits,1
/group/director2096/trettelbach/images//1061239112_147-154MHz_XX_r-1.0_v2.1_rfi.fits,1
/group/director2096/trettelbach/images//1061239112_154-162MHz_XX_r-1.0_v2.1_rfi.fits,1
/group/director2096/trettelbach/images//1061239352_200-208MHz_XX_r-1.0_v2.1_rfi.fits,1
/group/director2096/trettelbach/images//1061239592_111-118MHz_XX_r-1.0_v2.1_rfi.fits,1
/group/director2096/trettelbach/images//1061239712_139-147MHz_XX_r-1.0_v2.1_rfi.fits,1
/group/director2096/trettelbach/images//1061239832_177-185MHz_XX_r-1.0_v2.1_rfi.fits,1
/group/director2096/trettelbach/images//1061241512_139-147MHz_XX_r-1.0_v2.1_rfi.fits,1
/group/director2096/trettelbach/images//1061241632_193-200MHz_XX_r-1.0_v2.1_rfi.fits,1
/group/director2096/trettelbach/images//1061243192_103-111MHz_XX_r-1.0_v2.1_rfi.fits,1
/group/director2096/trettelbach/images//1061243192_126-134MHz_XX_r-1.0_v2.1_rfi.fits,1
/group/director2096/trettelbach/images//1061243552_223-231MHz_XX_r-1.0_v2.1_rfi.fits,1
/group/director2096/trettelbach/images//1061473120_185-193MHz_XX_r-1.0_v2.1.fits,1
/group/director2096/trettelbach/images//1061473720_185-193MHz_XX_r-1.0_v2.1.fits,1
/group/director2096/trettelbach/images//1061473720_185-193MHz_YY_r-1.0_v2.1.fits,1
/group/director2096/trettelbach/images//1061474200_162-170MHz_XX_r-1.0_v2.1.fits,1
/group/director2096/trettelbach/images//1061474920_170-177MHz_XX_r-1.0_v2.1_rfi.fits,1
/group/director2096/trettelbach/images//1061475520_170-177MHz_XX_r-1.0_v2.1_rfi.fits,1
/group/director2096/trettelbach/images//1061476120_185-193MHz_YY_r-1.0_v2.1.fits,1
/group/director2096/trettelbach/images//1061476720_185-193MHz_XX_r-1.0_v2.1.fits,1
/group/director2096/trettelbach/images//1061476720_185-193MHz_YY_r-1.0_v2.1.fits,1
/group/director2096/trettelbach/images//1061477680_126-134MHz_XX_r-1.0_v2.1_rfi.fits,1
/group/director2096/trettelbach/images//1061478520_170-177MHz_XX_r-1.0_v2.1_rfi.fits,1
/group/director2096/trettelbach/images//1061479600_162-170MHz_XX_r-1.0_v2.1_rfi.fits,1
/group/director2096/trettelbach/images//1061479720_170-177MHz_XX_r-1.0_v2.1_rfi.fits,1
/group/director2096/trettelbach/images//1061479840_223-231MHz_XX_r-1.0_v2.1_rfi.fits,1
/group/director2096/trettelbach/images//1061480200_162-170MHz_XX_r-1.0_v2.1_rfi.fits,1
/group/director2096/trettelbach/images//1061480320_177-185MHz_XX_r-1.0_v2.1_rfi.fits,1
/group/director2096/trettelbach/images//1061480440_200-208MHz_XX_r-1.0_v2.1_rfi.fits,1
/group/director2096/trettelbach/images//1061480800_139-147MHz_XX_r-1.0_v2.1_rfi.fits,1
/group/director2096/trettelbach/images//1061480800_154-162MHz_XX_r-1.0_v2.1_rfi.fits,1
/group/director2096/trettelbach/images//1061481400_139-147MHz_XX_r-1.0_v2.1_rfi.fits,1
/group/director2096/trettelbach/images//1061481400_147-154MHz_XX_r-1.0_v2.1_rfi.fits,1
/group/director2096/trettelbach/images//1061481640_208-216MHz_XX_r-1.0_v2.1_rfi.fits,1
/group/director2096/trettelbach/images//1061481880_103-111MHz_XX_r-1.0_v2.1.fits,1
/group/director2096/trettelbach/images//1061481880_103-111MHz_YY_r-1.0_v2.1.fits,1
/group/director2096/trettelbach/images//1061482240_208-216MHz_XX_r-1.0_v2.1_rfi.fits,1
/group/director2096/trettelbach/images//1061482480_103-111MHz_XX_r-1.0_v2.1.fits,1
/group/director2096/trettelbach/images//1061482480_103-111MHz_YY_r-1.0_v2.1.fits,1
/group/director2096/trettelbach/images//1061482480_126-134MHz_XX_r-1.0_v2.1_rfi.fits,1
/group/director2096/trettelbach/images//1061483080_103-111MHz_XX_r-1.0_v2.1.fits,1
/group/director2096/trettelbach/images//1061483080_111-118MHz_XX_r-1.0_v2.1_rfi.fits,1
/group/director2096/trettelbach/images//1061483200_139-147MHz_XX_r-1.0_v2.1_rfi.fits,1
/group/director2096/trettelbach/images//1061483200_154-162MHz_XX_r-1.0_v2.1_rfi.fits,1
/group/director2096/trettelbach/images//1061483920_170-177MHz_XX_r-1.0_v2.1.fits,1
/group/director2096/trettelbach/images//1061483920_177-185MHz_XX_r-1.0_v2.1.fits,1
/group/director2096/trettelbach/images//1061483920_185-193MHz_XX_r-1.0_v2.1.fits,1
/group/director2096/trettelbach/images//1061483920_193-200MHz_XX_r-1.0_v2.1.fits,1
/group/director2096/trettelbach/images//1061484040_216-223MHz_XX_r-1.0_v2.1.fits,1
/group/director2096/trettelbach/images//1061484040_223-231MHz_XX_r-1.0_v2.1.fits,1
/group/director2096/trettelbach/images//1061484520_177-185MHz_XX_r-1.0_v2.1_rfi.fits,1
/group/director2096/trettelbach/images/1061484400_162-170MHz_XX_r-1.0_v2.1_rfi.fits,1
/group/director2096/trettelbach/images/1061488000_147-154MHz_XX_r-1.0_v2.1_rfi.fits,1
/group/director2096/trettelbach/images//1061485600_139-147MHz_XX_r-1.0_v2.1_rfi.fits,1
/group/director2096/trettelbach/images//1061485720_170-177MHz_XX_r-1.0_v2.1_rfi.fits,1
/group/director2096/trettelbach/images//1061486320_170-177MHz_XX_r-1.0_v2.1_rfi.fits,1
/group/director2096/trettelbach/images//1061486440_200-208MHz_XX_r-1.0_v2.1_rfi.fits,1
/group/director2096/trettelbach/images//1061486440_223-231MHz_XX_r-1.0_v2.1_rfi.fits,1
/group/director2096/trettelbach/images//1061487280_103-111MHz_XX_r-1.0_v2.1.fits,1
/group/director2096/trettelbach/images//1061487280_103-111MHz_YY_r-1.0_v2.1.fits,1
/group/director2096/trettelbach/images//1061487640_223-231MHz_XX_r-1.0_v2.1_rfi.fits,1
/group/director2096/trettelbach/images//1061488360_095-103MHz_XX_r-1.0_v2.1.fits,1
/group/director2096/trettelbach/images//1061488360_095-103MHz_YY_r-1.0_v2.1.fits,1
/group/director2096/trettelbach/images//1061488600_139-147MHz_XX_r-1.0_v2.1_rfi.fits,1
/group/director2096/trettelbach/images//1061489080_103-111MHz_XX_r-1.0_v2.1.fits,1
/group/director2096/trettelbach/images//1061489080_103-111MHz_YY_r-1.0_v2.1.fits,1
/group/director2096/trettelbach/images//1061489920_177-185MHz_XX_r-1.0_v2.1_rfi.fits,1
/group/director2096/trettelbach/images//1061490160_095-103MHz_YY_r-1.0_v2.1.fits,1
/group/director2096/trettelbach/images//1061490520_185-193MHz_XX_r-1.0_v2.1_rfi.fits,1
/group/director2096/trettelbach/images//1061490640_200-208MHz_XX_r-1.0_v2.1_rfi.fits,1
/group/director2096/trettelbach/images//1061491120_193-200MHz_XX_r-1.0_v2.1_rfi.fits,1
/group/director2096/trettelbach/images//1061491360_072-080MHz_XX_r-1.0_v2.1_rfi.fits,1
/group/director2096/trettelbach/images//1061491360_095-103MHz_XX_r-1.0_v2.1.fits,1
/group/director2096/trettelbach/images//1061491960_095-103MHz_XX_r-1.0_v2.1_rfi.fits,1
/group/director2096/trettelbach/images//1061492200_147-154MHz_XX_r-1.0_v2.1_rfi.fits,1
/group/director2096/trettelbach/images//1061492920_177-185MHz_XX_r-1.0_v2.1_rfi.fits,1
/group/director2096/trettelbach/images//1061493160_080-088MHz_XX_r-1.0_v2.1_rfi.fits,1
/group/director2096/trettelbach/images//1061494000_154-162MHz_XX_r-1.0_v2.1_rfi.fits,1
/group/director2096/trettelbach/images//1061495200_154-162MHz_XX_r-1.0_v2.1_rfi.fits,1
/group/director2096/trettelbach/images//1061496160_095-103MHz_XX_r-1.0_v2.1_rfi.fits,1
/group/director2096/trettelbach/images//1061496280_103-111MHz_XX_r-1.0_v2.1_rfi.fits,1
/group/director2096/trettelbach/images//1061496400_139-147MHz_XX_r-1.0_v2.1_rfi.fits,1
/group/director2096/trettelbach/images//1061496640_208-216MHz_XX_r-1.0_v2.1_rfi.fits,1
/group/director2096/trettelbach/images//1061497000_147-154MHz_XX_r-1.0_v2.1_rfi.fits,1
/group/director2096/trettelbach/images//1061497240_200-208MHz_XX_r-1.0_v2.1_rfi.fits,1
/group/director2096/trettelbach/images//1061497240_208-216MHz_XX_r-1.0_v2.1_rfi.fits,1
/group/director2096/trettelbach/images//1061497840_216-223MHz_XX_r-1.0_v2.1_rfi.fits,1
/group/director2096/trettelbach/images//1061498080_118-126MHz_XX_r-1.0_v2.1_rfi.fits,1
/group/director2096/trettelbach/images//1061498920_185-193MHz_XX_r-1.0_v2.1_rfi.fits,1
/group/director2096/trettelbach/images//1061499040_200-208MHz_XX_r-1.0_v2.1_rfi.fits,1
/group/director2096/trettelbach/images//1061499280_111-118MHz_XX_r-1.0_v2.1_rfi.fits,1
/group/director2096/trettelbach/images//1061499280_118-126MHz_XX_r-1.0_v2.1_rfi.fits,1
/group/director2096/trettelbach/images//1061500120_193-200MHz_XX_r-1.0_v2.1_rfi.fits,1
/group/director2096/trettelbach/images//1061500600_162-170MHz_XX_r-1.0_v2.1_rfi.fits,1
/group/director2096/trettelbach/images//1067692792_177-185MHz_XX_r-1.0_v2.1_rfi.fits,1
/group/director2096/trettelbach/images//1067692792_185-193MHz_XX_r-1.0_v2.1_rfi.fits,1
/group/director2096/trettelbach/images//1067693032_072-080MHz_XX_r-1.0_v2.1_rfi.fits,1
/group/director2096/trettelbach/images//1067693272_162-170MHz_XX_r-1.0_v2.1_rfi.fits,1
/group/director2096/trettelbach/images//1067693632_095-103MHz_XX_r-1.0_v2.1_rfi.fits,1
/group/director2096/trettelbach/images//1067694712_208-216MHz_XX_r-1.0_v2.1_rfi.fits,1
/group/director2096/trettelbach/images//1067694832_080-088MHz_XX_r-1.0_v2.1_rfi.fits,1
/group/director2096/trettelbach/images//1067694832_095-103MHz_XX_r-1.0_v2.1_rfi.fits,1
/group/director2096/trettelbach/images//1067695072_154-162MHz_XX_r-1.0_v2.1_rfi.fits,1
/group/director2096/trettelbach/images//1067695072_162-170MHz_XX_r-1.0_v2.1_rfi.fits,1
/group/director2096/trettelbach/images//1067695792_193-200MHz_XX_r-1.0_v2.1_rfi.fits,1
/group/director2096/trettelbach/images//1067695912_208-216MHz_XX_r-1.0_v2.1_rfi.fits,1
/group/director2096/trettelbach/images//1067696392_185-193MHz_XX_r-1.0_v2.1_rfi.fits,1
/group/director2096/trettelbach/images//1067697352_103-111MHz_XX_r-1.0_v2.1_rfi.fits,1
/group/director2096/trettelbach/images//1067697952_111-118MHz_XX_r-1.0_v2.1_rfi.fits,1
/group/director2096/trettelbach/images//1067698552_126-134MHz_XX_r-1.0_v2.1_rfi.fits,1
/group/director2096/trettelbach/images//1067699272_154-162MHz_XX_r-1.0_v2.1_rfi.fits,1
/group/director2096/trettelbach/images//1067699392_185-193MHz_XX_r-1.0_v2.1_rfi.fits,1
/group/director2096/trettelbach/images//1067699512_223-231MHz_XX_r-1.0_v2.1_rfi.fits,1
/group/director2096/trettelbach/images//1067700712_200-208MHz_XX_r-1.0_v2.1_rfi.fits,1
/group/director2096/trettelbach/images//1067700952_103-111MHz_XX_r-1.0_v2.1_rfi.fits,1
/group/director2096/trettelbach/images//1067701192_185-193MHz_XX_r-1.0_v2.1_rfi.fits,1
/group/director2096/trettelbach/images//1067701312_200-208MHz_XX_r-1.0_v2.1_rfi.fits,1
/group/director2096/trettelbach/images//1067702392_177-185MHz_XX_r-1.0_v2.1_rfi.fits,1
/group/director2096/trettelbach/images//1067702752_111-118MHz_XX_r-1.0_v2.1_rfi.fits,1
/group/director2096/trettelbach/images//1067703112_216-223MHz_XX_r-1.0_v2.1_rfi.fits,1
/group/director2096/trettelbach/images//1067703712_208-216MHz_XX_r-1.0_v2.1_rfi.fits,1
/group/director2096/trettelbach/images//1061238512_139-147MHz_XX_r-1.0_v2.1_rfi.fits,1
/group/director2096/trettelbach/images//1061243432_193-200MHz_XX_r-1.0_v2.1_rfi.fits,1
/group/director2096/trettelbach/images//1061478400_154-162MHz_XX_r-1.0_v2.1_rfi.fits,1
/group/director2096/trettelbach/images//1061481640_200-208MHz_XX_r-1.0_v2.1_rfi.fits,1
/group/director2096/trettelbach/images//1061483800_147-154MHz_XX_r-1.0_v2.1_rfi.fits,1
/group/director2096/trettelbach/images//1061485720_177-185MHz_XX_r-1.0_v2.1_rfi.fits,1
/group/director2096/trettelbach/images//1061489200_147-154MHz_XX_r-1.0_v2.1_rfi.fits,1
/group/director2096/trettelbach/images//1061494000_147-154MHz_XX_r-1.0_v2.1_rfi.fits,1
/group/director2096/trettelbach/images//1061498440_216-223MHz_XX_r-1.0_v2.1_rfi.fits,1
/group/director2096/trettelbach/images//1067693992_170-177MHz_XX_r-1.0_v2.1_rfi.fits,1
/group/director2096/trettelbach/images//1067698672_154-162MHz_XX_r-1.0_v2.1_rfi.fits,1
/group/director2096/trettelbach/images//1067704792_193-200MHz_XX_r-1.0_v2.1_rfi.fits,1
/group/director2096/trettelbach/images//1067708272_162-170MHz_XX_r-1.0_v2.1_rfi.fits,1
/group/director2096/trettelbach/images/1061488240_223-231MHz_XX_r-1.0_v2.1_rfi.fits,1
/group/director2096/trettelbach/images//1068219496_208-216MHz_XX_r-1.0_v2.1_rfi.fits,1
/group/director2096/trettelbach/images//1069420992_216-223MHz_XX_r-1.0_v2.1_rfi.fits,1
/group/director2096/trettelbach/images//1069425072_170-177MHz_XX_r-1.0_v2.1_rfi.fits,1
/group/director2096/trettelbach/images//1069432752_162-170MHz_XX_r-1.0_v2.1_rfi.fits,1
/group/director2096/trettelbach/images/1061498200_162-170MHz_XX_r-1.0_v2.1_rfi.fits,1
/group/director2096/trettelbach/images//1067704912_200-208MHz_XX_r-1.0_v2.1_rfi.fits,1
/group/director2096/trettelbach/images//1067705272_139-147MHz_XX_r-1.0_v2.1_rfi.fits,1
/group/director2096/trettelbach/images//1067705272_147-154MHz_XX_r-1.0_v2.1_rfi.fits,1
/group/director2096/trettelbach/images//1067705272_154-162MHz_XX_r-1.0_v2.1_rfi.fits,1
/group/director2096/trettelbach/images//1067705272_162-170MHz_XX_r-1.0_v2.1_rfi.fits,1
/group/director2096/trettelbach/images//1067705512_200-208MHz_XX_r-1.0_v2.1_rfi.fits,1
/group/director2096/trettelbach/images//1067705992_193-200MHz_XX_r-1.0_v2.1_rfi.fits,1
/group/director2096/trettelbach/images//1067706352_111-118MHz_XX_r-1.0_v2.1_rfi.fits,1
/group/director2096/trettelbach/images//1067706472_139-147MHz_XX_r-1.0_v2.1_rfi.fits,1
/group/director2096/trettelbach/images//1067706712_223-231MHz_XX_r-1.0_v2.1_rfi.fits,1
/group/director2096/trettelbach/images//1067707072_154-162MHz_XX_r-1.0_v2.1_rfi.fits,1
/group/director2096/trettelbach/images//1067708392_177-185MHz_XX_r-1.0_v2.1_rfi.fits,1
/group/director2096/trettelbach/images//1067708992_177-185MHz_XX_r-1.0_v2.1_rfi.fits,1
/group/director2096/trettelbach/images//1067709472_147-154MHz_XX_r-1.0_v2.1_rfi.fits,1
/group/director2096/trettelbach/images//1067710912_223-231MHz_XX_r-1.0_v2.1_rfi.fits,1
/group/director2096/trettelbach/images//1067711392_185-193MHz_XX_r-1.0_v2.1_rfi.fits,1
/group/director2096/trettelbach/images//1067712112_223-231MHz_XX_r-1.0_v2.1_rfi.fits,1
/group/director2096/trettelbach/images/1067694712_223-231MHz_XX_r-1.0_v2.1_rfi.fits,1
/group/director2096/trettelbach/images/1067694952_126-134MHz_XX_r-1.0_v2.1_rfi.fits,1
/group/director2096/trettelbach/images/1067696632_095-103MHz_XX_r-1.0_v2.1_rfi.fits,1
/group/director2096/trettelbach/images/1067707072_147-154MHz_XX_r-1.0_v2.1_rfi.fits,1
/group/director2096/trettelbach/images/1060198536_162-170MHz_XX_r-1.0_v2.1_rfi.fits,1
/group/director2096/trettelbach/images/1068215296_223-231MHz_XX_r-1.0_v2.1_rfi.fits,1
/group/director2096/trettelbach/images/1069418592_223-231MHz_XX_r-1.0_v2.1_rfi.fits,1
/group/director2096/trettelbach/images/1069420392_200-208MHz_XX_r-1.0_v2.1_rfi.fits,1
/group/director2096/trettelbach/images/1069421112_095-103MHz_XX_r-1.0_v2.1_rfi.fits,1
/group/director2096/trettelbach/images//1068210496_208-216MHz_XX_r-1.0_v2.1_rfi.fits,1
/group/director2096/trettelbach/images//1068211696_223-231MHz_XX_r-1.0_v2.1_rfi.fits,1
/group/director2096/trettelbach/images//1068212896_200-208MHz_XX_r-1.0_v2.1_rfi.fits,1
/group/director2096/trettelbach/images//1068214696_200-208MHz_XX_r-1.0_v2.1_rfi.fits,1
/group/director2096/trettelbach/images//1068214696_208-216MHz_XX_r-1.0_v2.1_rfi.fits,1
/group/director2096/trettelbach/images//1068215896_216-223MHz_XX_r-1.0_v2.1_rfi.fits,1
/group/director2096/trettelbach/images//1068217696_223-231MHz_XX_r-1.0_v2.1_rfi.fits,1
/group/director2096/trettelbach/images/1061499280_103-111MHz_XX_r-1.0_v2.1_rfi.fits,1
/group/director2096/trettelbach/images/1061499880_103-111MHz_XX_r-1.0_v2.1_rfi.fits,1
/group/director2096/trettelbach/images/1067692552_111-118MHz_XX_r-1.0_v2.1_rfi.fits,1
/group/director2096/trettelbach/images//1069416912_095-103MHz_XX_r-1.0_v2.1_rfi.fits,1
/group/director2096/trettelbach/images//1069418352_139-147MHz_XX_r-1.0_v2.1_rfi.fits,1
/group/director2096/trettelbach/images//1069418592_200-208MHz_XX_r-1.0_v2.1_rfi.fits,1
/group/director2096/trettelbach/images//1069419672_185-193MHz_XX_r-1.0_v2.1_rfi.fits,1
/group/director2096/trettelbach/images//1069419912_080-088MHz_XX_r-1.0_v2.1_rfi.fits,1
/group/director2096/trettelbach/images//1069420272_185-193MHz_XX_r-1.0_v2.1_rfi.fits,1
/group/director2096/trettelbach/images//1069420632_103-111MHz_XX_r-1.0_v2.1_rfi.fits,1
/group/director2096/trettelbach/images//1069420872_170-177MHz_XX_r-1.0_v2.1_rfi.fits,1
/group/director2096/trettelbach/images//1069421952_154-162MHz_XX_r-1.0_v2.1_rfi.fits,1
/group/director2096/trettelbach/images//1069422312_080-088MHz_XX_r-1.0_v2.1_rfi.fits,1
/group/director2096/trettelbach/images//1069422312_088-095MHz_XX_r-1.0_v2.1_rfi.fits,1
/group/director2096/trettelbach/images//1069422552_147-154MHz_XX_r-1.0_v2.1_rfi.fits,1
/group/director2096/trettelbach/images//1069422672_177-185MHz_XX_r-1.0_v2.1_rfi.fits,1
/group/director2096/trettelbach/images//1069422792_208-216MHz_XX_r-1.0_v2.1_rfi.fits,1
/group/director2096/trettelbach/images//1069423512_095-103MHz_XX_r-1.0_v2.1_rfi.fits,1
/group/director2096/trettelbach/images//1069424112_072-080MHz_XX_r-1.0_v2.1_rfi.fits,1
/group/director2096/trettelbach/images//1069424592_208-216MHz_XX_r-1.0_v2.1_rfi.fits,1
/group/director2096/trettelbach/images//1069424592_223-231MHz_XX_r-1.0_v2.1_rfi.fits,1
/group/director2096/trettelbach/images//1069424712_088-095MHz_XX_r-1.0_v2.1_rfi.fits,1
/group/director2096/trettelbach/images//1069425192_223-231MHz_XX_r-1.0_v2.1_rfi.fits,1
/group/director2096/trettelbach/images//1069425552_147-154MHz_XX_r-1.0_v2.1_rfi.fits,1
/group/director2096/trettelbach/images//1069425912_080-088MHz_XX_r-1.0_v2.1_rfi.fits,1
/group/director2096/trettelbach/images//1069426272_185-193MHz_XX_r-1.0_v2.1_rfi.fits,1
/group/director2096/trettelbach/images//1069426392_208-216MHz_XX_r-1.0_v2.1_rfi.fits,1
/group/director2096/trettelbach/images//1069428192_200-208MHz_XX_r-1.0_v2.1_rfi.fits,1
/group/director2096/trettelbach/images//1069428192_223-231MHz_XX_r-1.0_v2.1_rfi.fits,1
/group/director2096/trettelbach/images//1069429392_208-216MHz_XX_r-1.0_v2.1_rfi.fits,1
/group/director2096/trettelbach/images//1069429752_162-170MHz_XX_r-1.0_v2.1_rfi.fits,1
/group/director2096/trettelbach/images//1069429872_193-200MHz_XX_r-1.0_v2.1_rfi.fits,1
/group/director2096/trettelbach/images//1069430472_170-177MHz_XX_r-1.0_v2.1_rfi.fits,1
/group/director2096/trettelbach/images//1069433592_216-223MHz_XX_r-1.0_v2.1_rfi.fits,1
/group/director2096/trettelbach/images//1069434552_147-154MHz_XX_r-1.0_v2.1_rfi.fits,1
/group/director2096/trettelbach/images//1069434552_154-162MHz_XX_r-1.0_v2.1_rfi.fits,1
/group/director2096/trettelbach/images//1069435152_139-147MHz_XX_r-1.0_v2.1_rfi.fits,1
/group/director2096/trettelbach/images//1069435272_177-185MHz_XX_r-1.0_v2.1_rfi.fits,1
/group/director2096/trettelbach/images//1069435992_208-216MHz_XX_r-1.0_v2.1_rfi.fits,1
/group/director2096/trettelbach/images//1069436472_170-177MHz_XX_r-1.0_v2.1_rfi.fits,1
/group/director2096/trettelbach/images//1069436592_223-231MHz_XX_r-1.0_v2.1_rfi.fits,1
/group/director2096/trettelbach/images//1077908088_177-185MHz_YY_r-1.0_v2.1.fits,1
/group/director2096/trettelbach/images//1077908688_177-185MHz_YY_r-1.0_v2.1.fits,1
/group/director2096/trettelbach/images//1078400000_200-208MHz_XX_r-1.0_v2.1.fits,1
/group/director2096/trettelbach/images//1086704688_223-231MHz_YY_r-1.0_v2.1.fits,1
/group/director2096/trettelbach/images//1086705288_223-231MHz_YY_r-1.0_v2.1.fits,1
/group/director2096/trettelbach/images//1086800456_223-231MHz_XX_r-1.0_v2.1.fits,1
/group/director2096/trettelbach/images//1086800456_223-231MHz_YY_r-1.0_v2.1.fits,1
/group/director2096/trettelbach/images//1086880616_200-208MHz_YY_r-1.0_v2.5.fits,1
/group/director2096/trettelbach/images//1086880616_208-216MHz_XX_r-1.0_v2.5.fits,1
/group/director2096/trettelbach/images//1086880616_223-231MHz_XX_r-1.0_v2.5.fits,1
/group/director2096/trettelbach/images//1086984960_103-111MHz_XX_r-1.0_v2.5.fits,1
/group/director2096/trettelbach/images//1086984960_103-111MHz_YY_r-1.0_v2.5.fits,1
/group/director2096/trettelbach/images//1086986160_103-111MHz_YY_r-1.0_v2.5.fits,1
/group/director2096/trettelbach/images//1086987360_103-111MHz_XX_r-1.0_v2.5.fits,1
/group/director2096/trettelbach/images//1086987360_103-111MHz_YY_r-1.0_v2.5.fits,1
/group/director2096/trettelbach/images//1087153840_162-170MHz_XX_r-1.0_v2.1.fits,1
/group/director2096/trettelbach/images//1087153840_162-170MHz_YY_r-1.0_v2.1.fits,1
/group/director2096/trettelbach/images//1087155880_208-216MHz_XX_r-1.0_v2.1.fits,1
/group/director2096/trettelbach/images//1087155880_208-216MHz_YY_r-1.0_v2.1.fits,1
/group/director2096/trettelbach/images//1060093896_185-193MHz_XX_r-1.0_v2.1.fits,0
/group/director2096/trettelbach/images//1060094376_139-147MHz_XX_r-1.0_v2.1.fits,0
/group/director2096/trettelbach/images//1060096296_177-185MHz_XX_r-1.0_v2.1.fits,0
/group/director2096/trettelbach/images//1060096896_177-185MHz_XX_r-1.0_v2.1.fits,0
/group/director2096/trettelbach/images//1060097496_185-193MHz_XX_r-1.0_v2.1.fits,0
/group/director2096/trettelbach/images//1060097616_223-231MHz_XX_r-1.0_v2.1.fits,0
/group/director2096/trettelbach/images//1060098096_170-177MHz_XX_r-1.0_v2.1.fits,0
/group/director2096/trettelbach/images//1060098216_223-231MHz_XX_r-1.0_v2.1.fits,0
/group/director2096/trettelbach/images//1060098816_208-216MHz_XX_r-1.0_v2.1.fits,0
/group/director2096/trettelbach/images//1060099296_170-177MHz_XX_r-1.0_v2.1.fits,0
/group/director2096/trettelbach/images//1060099776_139-147MHz_XX_r-1.0_v2.1.fits,0
/group/director2096/trettelbach/images//1060099896_170-177MHz_XX_r-1.0_v2.1.fits,0
/group/director2096/trettelbach/images//1060101096_177-185MHz_XX_r-1.0_v2.1.fits,0
/group/director2096/trettelbach/images//1060101096_193-200MHz_XX_r-1.0_v2.1.fits,0
/group/director2096/trettelbach/images//1060101216_223-231MHz_XX_r-1.0_v2.1.fits,0
/group/director2096/trettelbach/images//1060101696_185-193MHz_XX_r-1.0_v2.1.fits,0
/group/director2096/trettelbach/images//1060101696_193-200MHz_XX_r-1.0_v2.1.fits,0
/group/director2096/trettelbach/images//1060102176_139-147MHz_XX_r-1.0_v2.1.fits,0
/group/director2096/trettelbach/images//1060102776_139-147MHz_XX_r-1.0_v2.1.fits,0
/group/director2096/trettelbach/images//1060102896_193-200MHz_XX_r-1.0_v2.1.fits,0
/group/director2096/trettelbach/images//1060103376_154-162MHz_XX_r-1.0_v2.1.fits,0
/group/director2096/trettelbach/images//1060103496_170-177MHz_XX_r-1.0_v2.1.fits,0
/group/director2096/trettelbach/images//1060104096_177-185MHz_XX_r-1.0_v2.1.fits,0
/group/director2096/trettelbach/images//1060104576_162-170MHz_XX_r-1.0_v2.1.fits,0
/group/director2096/trettelbach/images//1060105176_139-147MHz_XX_r-1.0_v2.1.fits,0
/group/director2096/trettelbach/images//1060105176_147-154MHz_XX_r-1.0_v2.1.fits,0
/group/director2096/trettelbach/images//1060105296_185-193MHz_XX_r-1.0_v2.1.fits,0
/group/director2096/trettelbach/images//1060105776_162-170MHz_XX_r-1.0_v2.1.fits,0
/group/director2096/trettelbach/images//1060106376_154-162MHz_XX_r-1.0_v2.1.fits,0
/group/director2096/trettelbach/images//1060106496_193-200MHz_XX_r-1.0_v2.1.fits,0
/group/director2096/trettelbach/images//1060107216_223-231MHz_XX_r-1.0_v2.1.fits,0
/group/director2096/trettelbach/images//1060107576_162-170MHz_XX_r-1.0_v2.1.fits,0
/group/director2096/trettelbach/images//1060107816_216-223MHz_XX_r-1.0_v2.1.fits,0
/group/director2096/trettelbach/images//1060109016_208-216MHz_XX_r-1.0_v2.1.fits,0
/group/director2096/trettelbach/images//1060109016_216-223MHz_XX_r-1.0_v2.1.fits,0
/group/director2096/trettelbach/images//1060109016_223-231MHz_XX_r-1.0_v2.1.fits,0
/group/director2096/trettelbach/images//1060109376_139-147MHz_XX_r-1.0_v2.1.fits,0
/group/director2096/trettelbach/images//1060109376_147-154MHz_XX_r-1.0_v2.1.fits,0
/group/director2096/trettelbach/images//1060110456_118-126MHz_XX_r-1.0_v2.1.fits,0
/group/director2096/trettelbach/images//1060111176_154-162MHz_XX_r-1.0_v2.1.fits,0
/group/director2096/trettelbach/images//1060112616_208-216MHz_XX_r-1.0_v2.1.fits,0
/group/director2096/trettelbach/images//1060112976_139-147MHz_XX_r-1.0_v2.1.fits,0
/group/director2096/trettelbach/images//1060113096_185-193MHz_XX_r-1.0_v2.1.fits,0
/group/director2096/trettelbach/images//1060113216_216-223MHz_XX_r-1.0_v2.1.fits,0
/group/director2096/trettelbach/images//1060113576_139-147MHz_XX_r-1.0_v2.1.fits,0
/group/director2096/trettelbach/images//1060113696_170-177MHz_XX_r-1.0_v2.1.fits,0
/group/director2096/trettelbach/images//1060113696_193-200MHz_XX_r-1.0_v2.1.fits,0
/group/director2096/trettelbach/images//1060113816_216-223MHz_XX_r-1.0_v2.1.fits,0
/group/director2096/trettelbach/images//1060115256_126-134MHz_XX_r-1.0_v2.1.fits,0
/group/director2096/trettelbach/images//1060115496_185-193MHz_XX_r-1.0_v2.1.fits,0
/group/director2096/trettelbach/images//1060115616_223-231MHz_XX_r-1.0_v2.1.fits,0
/group/director2096/trettelbach/images//1060116456_118-126MHz_XX_r-1.0_v2.1.fits,0
/group/director2096/trettelbach/images//1060116576_154-162MHz_XX_r-1.0_v2.1.fits,0
/group/director2096/trettelbach/images//1060116816_208-216MHz_XX_r-1.0_v2.1.fits,0
/group/director2096/trettelbach/images//1060117656_103-111MHz_XX_r-1.0_v2.1.fits,0
/group/director2096/trettelbach/images//1060118016_200-208MHz_XX_r-1.0_v2.1.fits,0
/group/director2096/trettelbach/images//1060118376_147-154MHz_XX_r-1.0_v2.1.fits,0
/group/director2096/trettelbach/images//1060118376_162-170MHz_XX_r-1.0_v2.1.fits,0
/group/director2096/trettelbach/images//1060118496_185-193MHz_XX_r-1.0_v2.1.fits,0
/group/director2096/trettelbach/images//1060119576_154-162MHz_XX_r-1.0_v2.1.fits,0
/group/director2096/trettelbach/images//1060120176_162-170MHz_XX_r-1.0_v2.1.fits,0
/group/director2096/trettelbach/images//1060120296_170-177MHz_XX_r-1.0_v2.1.fits,0
/group/director2096/trettelbach/images//1060120776_154-162MHz_XX_r-1.0_v2.1.fits,0
/group/director2096/trettelbach/images//1060120776_162-170MHz_XX_r-1.0_v2.1.fits,0
/group/director2096/trettelbach/images//1060121016_208-216MHz_XX_r-1.0_v2.1.fits,0
/group/director2096/trettelbach/images//1060121616_200-208MHz_XX_r-1.0_v2.1.fits,0
/group/director2096/trettelbach/images//1060121976_147-154MHz_XX_r-1.0_v2.1.fits,0
/group/director2096/trettelbach/images//1060184856_177-185MHz_XX_r-1.0_v2.1.fits,0
/group/director2096/trettelbach/images//1060184856_185-193MHz_XX_r-1.0_v2.1.fits,0
/group/director2096/trettelbach/images//1060185336_162-170MHz_XX_r-1.0_v2.1.fits,0
/group/director2096/trettelbach/images//1060186056_177-185MHz_XX_r-1.0_v2.1.fits,0
/group/director2096/trettelbach/images//1060187136_147-154MHz_XX_r-1.0_v2.1.fits,0
/group/director2096/trettelbach/images//1060187256_177-185MHz_XX_r-1.0_v2.1.fits,0
/group/director2096/trettelbach/images//1060187736_147-154MHz_XX_r-1.0_v2.1.fits,0
/group/director2096/trettelbach/images//1060188336_147-154MHz_XX_r-1.0_v2.1.fits,0
/group/director2096/trettelbach/images//1060189056_177-185MHz_XX_r-1.0_v2.1.fits,0
/group/director2096/trettelbach/images//1060190856_185-193MHz_XX_r-1.0_v2.1.fits,0
/group/director2096/trettelbach/images//1060192056_170-177MHz_XX_r-1.0_v2.1.fits,0
/group/director2096/trettelbach/images//1060192536_147-154MHz_XX_r-1.0_v2.1.fits,0
/group/director2096/trettelbach/images//1060195056_177-185MHz_XX_r-1.0_v2.1.fits,0
/group/director2096/trettelbach/images//1060196136_154-162MHz_XX_r-1.0_v2.1.fits,0
/group/director2096/trettelbach/images//1060196256_177-185MHz_XX_r-1.0_v2.1.fits,0
/group/director2096/trettelbach/images//1060199736_162-170MHz_XX_r-1.0_v2.1.fits,0
/group/director2096/trettelbach/images//1060200336_154-162MHz_XX_r-1.0_v2.1.fits,0
/group/director2096/trettelbach/images//1060203456_185-193MHz_XX_r-1.0_v2.1.fits,0
/group/director2096/trettelbach/images//1060205856_170-177MHz_XX_r-1.0_v2.1.fits,0
/group/director2096/trettelbach/images//1060205856_185-193MHz_XX_r-1.0_v2.1.fits,0
/group/director2096/trettelbach/images//1060206336_139-147MHz_XX_r-1.0_v2.1.fits,0
/group/director2096/trettelbach/images//1060207536_139-147MHz_XX_r-1.0_v2.1.fits,0
/group/director2096/trettelbach/images//1060207656_177-185MHz_XX_r-1.0_v2.1.fits,0
/group/director2096/trettelbach/images//1061216552_216-223MHz_XX_r-1.0_v2.1.fits,0
/group/director2096/trettelbach/images//1061217632_185-193MHz_XX_r-1.0_v2.1.fits,0
/group/director2096/trettelbach/images//1061218952_200-208MHz_XX_r-1.0_v2.1.fits,0
/group/director2096/trettelbach/images//1061218952_223-231MHz_XX_r-1.0_v2.1.fits,0
/group/director2096/trettelbach/images//1061219432_177-185MHz_XX_r-1.0_v2.1.fits,0
/group/director2096/trettelbach/images//1061221712_147-154MHz_XX_r-1.0_v2.1.fits,0
/group/director2096/trettelbach/images//1061221712_162-170MHz_XX_r-1.0_v2.1.fits,0
/group/director2096/trettelbach/images//1060103016_200-208MHz_XX_r-1.0_v2.1.fits,0
/group/director2096/trettelbach/images//1060109616_223-231MHz_XX_r-1.0_v2.1.fits,0
/group/director2096/trettelbach/images//1060117056_103-111MHz_XX_r-1.0_v2.1.fits,0
/group/director2096/trettelbach/images//1060184136_139-147MHz_XX_r-1.0_v2.1.fits,0
/group/director2096/trettelbach/images//1060195536_154-162MHz_XX_r-1.0_v2.1.fits,0
/group/director2096/trettelbach/images//1061221832_170-177MHz_XX_r-1.0_v2.1.fits,0
/group/director2096/trettelbach/images//1061229152_200-208MHz_XX_r-1.0_v2.1.fits,0
/group/director2096/trettelbach/images//1061234312_147-154MHz_XX_r-1.0_v2.1.fits,0
/group/director2096/trettelbach/images//1061237192_118-126MHz_XX_r-1.0_v2.1.fits,0
/group/director2096/trettelbach/images//1061241992_103-111MHz_XX_r-1.0_v2.1.fits,0
/group/director2096/trettelbach/images//1061481040_223-231MHz_XX_r-1.0_v2.1.fits,0
/group/director2096/trettelbach/images//1061489320_177-185MHz_XX_r-1.0_v2.1.fits,0
/group/director2096/trettelbach/images//1061493880_126-134MHz_XX_r-1.0_v2.1.fits,0
/group/director2096/trettelbach/images//1061500000_147-154MHz_XX_r-1.0_v2.1.fits,0
/group/director2096/trettelbach/images//1067695312_208-216MHz_XX_r-1.0_v2.1.fits,0
/group/director2096/trettelbach/images//1067700712_216-223MHz_XX_r-1.0_v2.1.fits,0
/group/director2096/trettelbach/images//1067712112_216-223MHz_XX_r-1.0_v2.1.fits,0
/group/director2096/trettelbach/images//1069416912_088-095MHz_XX_r-1.0_v2.1.fits,0
/group/director2096/trettelbach/images//1069424952_162-170MHz_XX_r-1.0_v2.1.fits,0
/group/director2096/trettelbach/images//1069428792_200-208MHz_XX_r-1.0_v2.1.fits,0
/group/director2096/trettelbach/images//1069432752_162-170MHz_XX_r-1.0_v2.1.fits,0
/group/director2096/trettelbach/images//1061223032_170-177MHz_XX_r-1.0_v2.1.fits,0
/group/director2096/trettelbach/images//1061223512_162-170MHz_XX_r-1.0_v2.1.fits,0
/group/director2096/trettelbach/images//1061223752_216-223MHz_XX_r-1.0_v2.1.fits,0
/group/director2096/trettelbach/images//1061223992_103-111MHz_XX_r-1.0_v2.1.fits,0
/group/director2096/trettelbach/images//1061223992_126-134MHz_XX_r-1.0_v2.1.fits,0
/group/director2096/trettelbach/images//1061224952_208-216MHz_XX_r-1.0_v2.1.fits,0
/group/director2096/trettelbach/images//1061225192_111-118MHz_XX_r-1.0_v2.1.fits,0
/group/director2096/trettelbach/images//1061225792_111-118MHz_XX_r-1.0_v2.1.fits,0
/group/director2096/trettelbach/images//1061226512_154-162MHz_XX_r-1.0_v2.1.fits,0
/group/director2096/trettelbach/images//1061226752_216-223MHz_XX_r-1.0_v2.1.fits,0
/group/director2096/trettelbach/images//1061226752_223-231MHz_XX_r-1.0_v2.1.fits,0
/group/director2096/trettelbach/images//1061227112_147-154MHz_XX_r-1.0_v2.1.fits,0
/group/director2096/trettelbach/images//1061227352_200-208MHz_XX_r-1.0_v2.1.fits,0
/group/director2096/trettelbach/images//1061228792_111-118MHz_XX_r-1.0_v2.1.fits,0
/group/director2096/trettelbach/images//1061229632_185-193MHz_XX_r-1.0_v2.1.fits,0
/group/director2096/trettelbach/images//1061229632_193-200MHz_XX_r-1.0_v2.1.fits,0
/group/director2096/trettelbach/images//1061229752_216-223MHz_XX_r-1.0_v2.1.fits,0
/group/director2096/trettelbach/images//1061230472_095-103MHz_XX_r-1.0_v2.1.fits,0
/group/director2096/trettelbach/images//1061230952_200-208MHz_XX_r-1.0_v2.1.fits,0
/group/director2096/trettelbach/images//1061231312_139-147MHz_XX_r-1.0_v2.1.fits,0
/group/director2096/trettelbach/images//1061231312_147-154MHz_XX_r-1.0_v2.1.fits,0
/group/director2096/trettelbach/images//1061231312_162-170MHz_XX_r-1.0_v2.1.fits,0
/group/director2096/trettelbach/images//1061231552_216-223MHz_XX_r-1.0_v2.1.fits,0
/group/director2096/trettelbach/images//1061231672_072-080MHz_XX_r-1.0_v2.1.fits,0
/group/director2096/trettelbach/images//1061231672_095-103MHz_XX_r-1.0_v2.1.fits,0
/group/director2096/trettelbach/images//1061231912_162-170MHz_XX_r-1.0_v2.1.fits,0
/group/director2096/trettelbach/images//1061232032_170-177MHz_XX_r-1.0_v2.1.fits,0
/group/director2096/trettelbach/images//1061232152_216-223MHz_XX_r-1.0_v2.1.fits,0
/group/director2096/trettelbach/images//1061232872_088-095MHz_XX_r-1.0_v2.1.fits,0
/group/director2096/trettelbach/images//1061233712_162-170MHz_XX_r-1.0_v2.1.fits,0
/group/director2096/trettelbach/images//1061233952_216-223MHz_XX_r-1.0_v2.1.fits,0
/group/director2096/trettelbach/images//1061234072_095-103MHz_XX_r-1.0_v2.1.fits,0
/group/director2096/trettelbach/images//1061234192_103-111MHz_XX_r-1.0_v2.1.fits,0
/group/director2096/trettelbach/images//1061234672_088-095MHz_XX_r-1.0_v2.1.fits,0
/group/director2096/trettelbach/images//1061234912_139-147MHz_XX_r-1.0_v2.1.fits,0
/group/director2096/trettelbach/images//1061234912_162-170MHz_XX_r-1.0_v2.1.fits,0
/group/director2096/trettelbach/images//1061235032_185-193MHz_XX_r-1.0_v2.1.fits,0
/group/director2096/trettelbach/images//1061235392_118-126MHz_XX_r-1.0_v2.1.fits,0
/group/director2096/trettelbach/images//1061235632_193-200MHz_XX_r-1.0_v2.1.fits,0
/group/director2096/trettelbach/images//1061235752_208-216MHz_XX_r-1.0_v2.1.fits,0
/group/director2096/trettelbach/images//1061235752_223-231MHz_XX_r-1.0_v2.1.fits,0
/group/director2096/trettelbach/images//1061236112_147-154MHz_XX_r-1.0_v2.1.fits,0
/group/director2096/trettelbach/images//1061236352_216-223MHz_XX_r-1.0_v2.1.fits,0
/group/director2096/trettelbach/images//1061236712_139-147MHz_XX_r-1.0_v2.1.fits,0
/group/director2096/trettelbach/images//1061236832_193-200MHz_XX_r-1.0_v2.1.fits,0
/group/director2096/trettelbach/images//1061237072_088-095MHz_XX_r-1.0_v2.1.fits,0
/group/director2096/trettelbach/images//1061237312_154-162MHz_XX_r-1.0_v2.1.fits,0
/group/director2096/trettelbach/images//1061238392_103-111MHz_XX_r-1.0_v2.1.fits,0
/group/director2096/trettelbach/images//1061238392_111-118MHz_XX_r-1.0_v2.1.fits,0
/group/director2096/trettelbach/images//1061238392_118-126MHz_XX_r-1.0_v2.1.fits,0
/group/director2096/trettelbach/images//1061239112_154-162MHz_XX_r-1.0_v2.1.fits,0
/group/director2096/trettelbach/images//1061239232_185-193MHz_XX_r-1.0_v2.1.fits,0
/group/director2096/trettelbach/images//1061239352_223-231MHz_XX_r-1.0_v2.1.fits,0
/group/director2096/trettelbach/images//1061239832_193-200MHz_XX_r-1.0_v2.1.fits,0
/group/director2096/trettelbach/images//1061240552_200-208MHz_XX_r-1.0_v2.1.fits,0
/group/director2096/trettelbach/images//1061240552_223-231MHz_XX_r-1.0_v2.1.fits,0
/group/director2096/trettelbach/images//1061240912_139-147MHz_XX_r-1.0_v2.1.fits,0
/group/director2096/trettelbach/images//1061240912_147-154MHz_XX_r-1.0_v2.1.fits,0
/group/director2096/trettelbach/images//1061241152_208-216MHz_XX_r-1.0_v2.1.fits,0
/group/director2096/trettelbach/images//1061241152_223-231MHz_XX_r-1.0_v2.1.fits,0
/group/director2096/trettelbach/images//1061241632_185-193MHz_XX_r-1.0_v2.1.fits,0
/group/director2096/trettelbach/images//1061241992_111-118MHz_XX_r-1.0_v2.1.fits,0
/group/director2096/trettelbach/images//1061242112_147-154MHz_XX_r-1.0_v2.1.fits,0
/group/director2096/trettelbach/images//1061242592_103-111MHz_XX_r-1.0_v2.1.fits,0
/group/director2096/trettelbach/images//1061242712_139-147MHz_XX_r-1.0_v2.1.fits,0
/group/director2096/trettelbach/images//1061242952_216-223MHz_XX_r-1.0_v2.1.fits,0
/group/director2096/trettelbach/images//1061243432_193-200MHz_XX_r-1.0_v2.1.fits,0
/group/director2096/trettelbach/images//1061476480_118-126MHz_XX_r-1.0_v2.1.fits,0
/group/director2096/trettelbach/images//1061476720_170-177MHz_XX_r-1.0_v2.1.fits,0
/group/director2096/trettelbach/images//1061477080_103-111MHz_XX_r-1.0_v2.1.fits,0
/group/director2096/trettelbach/images//1061477680_111-118MHz_XX_r-1.0_v2.1.fits,0
/group/director2096/trettelbach/images//1061477680_118-126MHz_XX_r-1.0_v2.1.fits,0
/group/director2096/trettelbach/images//1061478280_103-111MHz_XX_r-1.0_v2.1.fits,0
/group/director2096/trettelbach/images//1061479840_208-216MHz_XX_r-1.0_v2.1.fits,0
/group/director2096/trettelbach/images//1061480320_185-193MHz_XX_r-1.0_v2.1.fits,0
/group/director2096/trettelbach/images//1061480440_200-208MHz_XX_r-1.0_v2.1.fits,0
/group/director2096/trettelbach/images//1061480680_111-118MHz_XX_r-1.0_v2.1.fits,0
/group/director2096/trettelbach/images//1061481880_118-126MHz_XX_r-1.0_v2.1.fits,0
/group/director2096/trettelbach/images//1061482240_223-231MHz_XX_r-1.0_v2.1.fits,0
/group/director2096/trettelbach/images//1061484040_200-208MHz_XX_r-1.0_v2.1.fits,0
/group/director2096/trettelbach/images//1061484280_118-126MHz_XX_r-1.0_v2.1.fits,0
/group/director2096/trettelbach/images//1061484400_162-170MHz_XX_r-1.0_v2.1.fits,0
/group/director2096/trettelbach/images//1061484880_126-134MHz_XX_r-1.0_v2.1.fits,0
/group/director2096/trettelbach/images//1061485120_170-177MHz_XX_r-1.0_v2.1.fits,0
/group/director2096/trettelbach/images//1061486080_103-111MHz_XX_r-1.0_v2.1.fits,0
/group/director2096/trettelbach/images//1061486080_118-126MHz_XX_r-1.0_v2.1.fits,0
/group/director2096/trettelbach/images//1061486320_177-185MHz_XX_r-1.0_v2.1.fits,0
/group/director2096/trettelbach/images//1061486320_185-193MHz_XX_r-1.0_v2.1.fits,0
/group/director2096/trettelbach/images//1061486440_223-231MHz_XX_r-1.0_v2.1.fits,0
/group/director2096/trettelbach/images//1061487640_223-231MHz_XX_r-1.0_v2.1.fits,0
/group/director2096/trettelbach/images//1061487880_111-118MHz_XX_r-1.0_v2.1.fits,0
/group/director2096/trettelbach/images//1061488360_072-080MHz_XX_r-1.0_v2.1.fits,0
/group/director2096/trettelbach/images//1061488480_126-134MHz_XX_r-1.0_v2.1.fits,0
/group/director2096/trettelbach/images//1061488600_154-162MHz_XX_r-1.0_v2.1.fits,0
/group/director2096/trettelbach/images//1061489080_126-134MHz_XX_r-1.0_v2.1.fits,0
/group/director2096/trettelbach/images//1061489440_208-216MHz_XX_r-1.0_v2.1.fits,0
/group/director2096/trettelbach/images//1061489680_111-118MHz_XX_r-1.0_v2.1.fits,0
/group/director2096/trettelbach/images//1061489920_170-177MHz_XX_r-1.0_v2.1.fits,0
/group/director2096/trettelbach/images//1061489920_185-193MHz_XX_r-1.0_v2.1.fits,0
/group/director2096/trettelbach/images//1061490040_200-208MHz_XX_r-1.0_v2.1.fits,0
/group/director2096/trettelbach/images//1061490640_223-231MHz_XX_r-1.0_v2.1.fits,0
/group/director2096/trettelbach/images//1061490880_126-134MHz_XX_r-1.0_v2.1.fits,0
/group/director2096/trettelbach/images//1061491000_139-147MHz_XX_r-1.0_v2.1.fits,0
/group/director2096/trettelbach/images//1061491240_208-216MHz_XX_r-1.0_v2.1.fits,0
/group/director2096/trettelbach/images//1061491360_072-080MHz_XX_r-1.0_v2.1.fits,0
/group/director2096/trettelbach/images//1061491480_103-111MHz_XX_r-1.0_v2.1.fits,0
/group/director2096/trettelbach/images//1061491480_111-118MHz_XX_r-1.0_v2.1.fits,0
/group/director2096/trettelbach/images//1061492320_170-177MHz_XX_r-1.0_v2.1.fits,0
/group/director2096/trettelbach/images//1061492560_095-103MHz_XX_r-1.0_v2.1.fits,0
/group/director2096/trettelbach/images//1061492680_126-134MHz_XX_r-1.0_v2.1.fits,0
/group/director2096/trettelbach/images//1061493040_216-223MHz_XX_r-1.0_v2.1.fits,0
/group/director2096/trettelbach/images//1061493160_088-095MHz_XX_r-1.0_v2.1.fits,0
/group/director2096/trettelbach/images//1061493280_118-126MHz_XX_r-1.0_v2.1.fits,0
/group/director2096/trettelbach/images//1061493640_200-208MHz_XX_r-1.0_v2.1.fits,0
/group/director2096/trettelbach/images//1061494120_193-200MHz_XX_r-1.0_v2.1.fits,0
/group/director2096/trettelbach/images//1061495080_118-126MHz_XX_r-1.0_v2.1.fits,0
/group/director2096/trettelbach/images//1061496280_126-134MHz_XX_r-1.0_v2.1.fits,0
/group/director2096/trettelbach/images//1061496640_208-216MHz_XX_r-1.0_v2.1.fits,0
/group/director2096/trettelbach/images//1061496760_088-095MHz_XX_r-1.0_v2.1.fits,0
/group/director2096/trettelbach/images//1061497000_154-162MHz_XX_r-1.0_v2.1.fits,0
/group/director2096/trettelbach/images//1061497120_185-193MHz_XX_r-1.0_v2.1.fits,0
/group/director2096/trettelbach/images//1061497240_200-208MHz_XX_r-1.0_v2.1.fits,0
/group/director2096/trettelbach/images//1061497600_139-147MHz_XX_r-1.0_v2.1.fits,0
/group/director2096/trettelbach/images//1061498080_111-118MHz_XX_r-1.0_v2.1.fits,0
/group/director2096/trettelbach/images//1061498080_118-126MHz_XX_r-1.0_v2.1.fits,0
/group/director2096/trettelbach/images//1061499040_223-231MHz_XX_r-1.0_v2.1.fits,0
/group/director2096/trettelbach/images//1061499280_103-111MHz_XX_r-1.0_v2.1.fits,0
/group/director2096/trettelbach/images//1061499280_111-118MHz_XX_r-1.0_v2.1.fits,0
/group/director2096/trettelbach/images//1061499640_200-208MHz_XX_r-1.0_v2.1.fits,0
/group/director2096/trettelbach/images//1061499880_103-111MHz_XX_r-1.0_v2.1.fits,0
/group/director2096/trettelbach/images//1061500120_177-185MHz_XX_r-1.0_v2.1.fits,0
/group/director2096/trettelbach/images//1061500240_200-208MHz_XX_r-1.0_v2.1.fits,0
/group/director2096/trettelbach/images//1061500240_216-223MHz_XX_r-1.0_v2.1.fits,0
/group/director2096/trettelbach/images//1061500720_193-200MHz_XX_r-1.0_v2.1.fits,0
/group/director2096/trettelbach/images//1067692432_072-080MHz_XX_r-1.0_v2.1.fits,0
/group/director2096/trettelbach/images//1067692432_095-103MHz_XX_r-1.0_v2.1.fits,0
/group/director2096/trettelbach/images//1067692792_170-177MHz_XX_r-1.0_v2.1.fits,0
/group/director2096/trettelbach/images//1067692912_200-208MHz_XX_r-1.0_v2.1.fits,0
/group/director2096/trettelbach/images//1067692912_216-223MHz_XX_r-1.0_v2.1.fits,0
/group/director2096/trettelbach/images//1067693512_208-216MHz_XX_r-1.0_v2.1.fits,0
/group/director2096/trettelbach/images//1067693512_223-231MHz_XX_r-1.0_v2.1.fits,0
/group/director2096/trettelbach/images//1067693632_080-088MHz_XX_r-1.0_v2.1.fits,0
/group/director2096/trettelbach/images//1067693992_185-193MHz_XX_r-1.0_v2.1.fits,0
/group/director2096/trettelbach/images//1067694352_103-111MHz_XX_r-1.0_v2.1.fits,0
/group/director2096/trettelbach/images//1067694472_139-147MHz_XX_r-1.0_v2.1.fits,0
/group/director2096/trettelbach/images//1067695072_139-147MHz_XX_r-1.0_v2.1.fits,0
/group/director2096/trettelbach/images//1067695072_154-162MHz_XX_r-1.0_v2.1.fits,0
/group/director2096/trettelbach/images//1067695312_200-208MHz_XX_r-1.0_v2.1.fits,0
/group/director2096/trettelbach/images//1067695312_216-223MHz_XX_r-1.0_v2.1.fits,0
/group/director2096/trettelbach/images//1067695912_200-208MHz_XX_r-1.0_v2.1.fits,0
/group/director2096/trettelbach/images//1067696152_111-118MHz_XX_r-1.0_v2.1.fits,0
/group/director2096/trettelbach/images//1067696632_095-103MHz_XX_r-1.0_v2.1.fits,0
/group/director2096/trettelbach/images//1067697112_200-208MHz_XX_r-1.0_v2.1.fits,0
/group/director2096/trettelbach/images//1067697112_208-216MHz_XX_r-1.0_v2.1.fits,0
/group/director2096/trettelbach/images//1067697592_177-185MHz_XX_r-1.0_v2.1.fits,0
/group/director2096/trettelbach/images//1067697952_126-134MHz_XX_r-1.0_v2.1.fits,0
/group/director2096/trettelbach/images//1067698072_147-154MHz_XX_r-1.0_v2.1.fits,0
/group/director2096/trettelbach/images//1067698672_154-162MHz_XX_r-1.0_v2.1.fits,0
/group/director2096/trettelbach/images//1067698912_208-216MHz_XX_r-1.0_v2.1.fits,0
/group/director2096/trettelbach/images//1067698912_216-223MHz_XX_r-1.0_v2.1.fits,0
/group/director2096/trettelbach/images//1067698912_223-231MHz_XX_r-1.0_v2.1.fits,0
/group/director2096/trettelbach/images//1067699152_126-134MHz_XX_r-1.0_v2.1.fits,0
/group/director2096/trettelbach/images//1067699272_154-162MHz_XX_r-1.0_v2.1.fits,0
/group/director2096/trettelbach/images//1067700472_162-170MHz_XX_r-1.0_v2.1.fits,0
/group/director2096/trettelbach/images//1067702272_139-147MHz_XX_r-1.0_v2.1.fits,0
/group/director2096/trettelbach/images//1067703712_208-216MHz_XX_r-1.0_v2.1.fits,0
/group/director2096/trettelbach/images//1067703952_111-118MHz_XX_r-1.0_v2.1.fits,0
/group/director2096/trettelbach/images//1067704912_216-223MHz_XX_r-1.0_v2.1.fits,0
/group/director2096/trettelbach/images//1067704912_223-231MHz_XX_r-1.0_v2.1.fits,0
/group/director2096/trettelbach/images//1067705272_154-162MHz_XX_r-1.0_v2.1.fits,0
/group/director2096/trettelbach/images//1067705392_177-185MHz_XX_r-1.0_v2.1.fits,0
/group/director2096/trettelbach/images//1067705512_216-223MHz_XX_r-1.0_v2.1.fits,0
/group/director2096/trettelbach/images//1067706112_208-216MHz_XX_r-1.0_v2.1.fits,0
/group/director2096/trettelbach/images//1067706112_216-223MHz_XX_r-1.0_v2.1.fits,0
/group/director2096/trettelbach/images//1067706352_111-118MHz_XX_r-1.0_v2.1.fits,0
/group/director2096/trettelbach/images//1067708392_170-177MHz_XX_r-1.0_v2.1.fits,0
/group/director2096/trettelbach/images//1067709472_139-147MHz_XX_r-1.0_v2.1.fits,0
/group/director2096/trettelbach/images//1067710192_170-177MHz_XX_r-1.0_v2.1.fits,0
/group/director2096/trettelbach/images//1067710192_177-185MHz_XX_r-1.0_v2.1.fits,0
/group/director2096/trettelbach/images//1067710192_185-193MHz_XX_r-1.0_v2.1.fits,0
/group/director2096/trettelbach/images//1068210496_223-231MHz_XX_r-1.0_v2.1.fits,0
/group/director2096/trettelbach/images//1068212296_200-208MHz_XX_r-1.0_v2.1.fits,0
/group/director2096/trettelbach/images//1068212296_208-216MHz_XX_r-1.0_v2.1.fits,0
/group/director2096/trettelbach/images//1068212896_216-223MHz_XX_r-1.0_v2.1.fits,0
/group/director2096/trettelbach/images//1068213496_208-216MHz_XX_r-1.0_v2.1.fits,0
/group/director2096/trettelbach/images//1068215296_223-231MHz_XX_r-1.0_v2.1.fits,0
/group/director2096/trettelbach/images//1068215896_223-231MHz_XX_r-1.0_v2.1.fits,0
/group/director2096/trettelbach/images//1068216496_200-208MHz_XX_r-1.0_v2.1.fits,0
/group/director2096/trettelbach/images//1068216496_208-216MHz_XX_r-1.0_v2.1.fits,0
/group/director2096/trettelbach/images//1068217696_200-208MHz_XX_r-1.0_v2.1.fits,0
/group/director2096/trettelbach/images//1068217696_208-216MHz_XX_r-1.0_v2.1.fits,0
/group/director2096/trettelbach/images//1068218896_216-223MHz_XX_r-1.0_v2.1.fits,0
/group/director2096/trettelbach/images//1069415832_111-118MHz_XX_r-1.0_v2.1.fits,0
/group/director2096/trettelbach/images//1069416312_088-095MHz_XX_r-1.0_v2.1.fits,0
/group/director2096/trettelbach/images//1069416552_147-154MHz_XX_r-1.0_v2.1.fits,0
/group/director2096/trettelbach/images//1069416552_162-170MHz_XX_r-1.0_v2.1.fits,0
/group/director2096/trettelbach/images//1069416912_072-080MHz_XX_r-1.0_v2.1.fits,0
/group/director2096/trettelbach/images//1069417632_111-118MHz_XX_r-1.0_v2.1.fits,0
/group/director2096/trettelbach/images//1069418352_139-147MHz_XX_r-1.0_v2.1.fits,0
/group/director2096/trettelbach/images//1069418592_208-216MHz_XX_r-1.0_v2.1.fits,0
/group/director2096/trettelbach/images//1069418712_095-103MHz_XX_r-1.0_v2.1.fits,0
/group/director2096/trettelbach/images//1069418952_147-154MHz_XX_r-1.0_v2.1.fits,0
/group/director2096/trettelbach/images//1069420392_200-208MHz_XX_r-1.0_v2.1.fits,0
/group/director2096/trettelbach/images//1069420392_208-216MHz_XX_r-1.0_v2.1.fits,0
/group/director2096/trettelbach/images//1069420392_223-231MHz_XX_r-1.0_v2.1.fits,0
/group/director2096/trettelbach/images//1069420512_088-095MHz_XX_r-1.0_v2.1.fits,0
/group/director2096/trettelbach/images//1069420632_111-118MHz_XX_r-1.0_v2.1.fits,0
/group/director2096/trettelbach/images//1069421472_177-185MHz_XX_r-1.0_v2.1.fits,0
/group/director2096/trettelbach/images//1069421712_072-080MHz_XX_r-1.0_v2.1.fits,0
/group/director2096/trettelbach/images//1069421832_111-118MHz_XX_r-1.0_v2.1.fits,0
/group/director2096/trettelbach/images//1069422192_208-216MHz_XX_r-1.0_v2.1.fits,0
/group/director2096/trettelbach/images//1069422432_111-118MHz_XX_r-1.0_v2.1.fits,0
/group/director2096/trettelbach/images//1069424472_177-185MHz_XX_r-1.0_v2.1.fits,0
/group/director2096/trettelbach/images//1069424592_223-231MHz_XX_r-1.0_v2.1.fits,0
/group/director2096/trettelbach/images//1069424712_072-080MHz_XX_r-1.0_v2.1.fits,0
/group/director2096/trettelbach/images//1069425192_216-223MHz_XX_r-1.0_v2.1.fits,0
/group/director2096/trettelbach/images//1069425312_072-080MHz_XX_r-1.0_v2.1.fits,0
/group/director2096/trettelbach/images//1069425792_200-208MHz_XX_r-1.0_v2.1.fits,0
/group/director2096/trettelbach/images//1069425792_223-231MHz_XX_r-1.0_v2.1.fits,0
/group/director2096/trettelbach/images//1069425912_088-095MHz_XX_r-1.0_v2.1.fits,0
/group/director2096/trettelbach/images//1069425912_095-103MHz_XX_r-1.0_v2.1.fits,0
/group/director2096/trettelbach/images//1069426512_072-080MHz_XX_r-1.0_v2.1.fits,0
/group/director2096/trettelbach/images//1069426512_080-088MHz_XX_r-1.0_v2.1.fits,0
/group/director2096/trettelbach/images//1069426872_170-177MHz_XX_r-1.0_v2.1.fits,0
/group/director2096/trettelbach/images//1069427112_088-095MHz_XX_r-1.0_v2.1.fits,0
/group/director2096/trettelbach/images//1069427232_103-111MHz_XX_r-1.0_v2.1.fits,0
/group/director2096/trettelbach/images//1069427592_223-231MHz_XX_r-1.0_v2.1.fits,0
/group/director2096/trettelbach/images//1069427952_162-170MHz_XX_r-1.0_v2.1.fits,0
/group/director2096/trettelbach/images//1069428072_177-185MHz_XX_r-1.0_v2.1.fits,0
/group/director2096/trettelbach/images//1069428312_072-080MHz_XX_r-1.0_v2.1.fits,0
/group/director2096/trettelbach/images//1069428672_170-177MHz_XX_r-1.0_v2.1.fits,0
/group/director2096/trettelbach/images//1069428912_080-088MHz_XX_r-1.0_v2.1.fits,0
/group/director2096/trettelbach/images//1069429152_147-154MHz_XX_r-1.0_v2.1.fits,0
/group/director2096/trettelbach/images//1069429272_193-200MHz_XX_r-1.0_v2.1.fits,0
/group/director2096/trettelbach/images//1069429392_208-216MHz_XX_r-1.0_v2.1.fits,0
/group/director2096/trettelbach/images//1069429392_223-231MHz_XX_r-1.0_v2.1.fits,0
/group/director2096/trettelbach/images//1069430232_103-111MHz_XX_r-1.0_v2.1.fits,0
/group/director2096/trettelbach/images//1069430352_147-154MHz_XX_r-1.0_v2.1.fits,0
/group/director2096/trettelbach/images//1069431672_185-193MHz_XX_r-1.0_v2.1.fits,0
/group/director2096/trettelbach/images//1069432152_162-170MHz_XX_r-1.0_v2.1.fits,0
/group/director2096/trettelbach/images//1069432272_170-177MHz_XX_r-1.0_v2.1.fits,0
/group/director2096/trettelbach/images//1069432392_216-223MHz_XX_r-1.0_v2.1.fits,0
/group/director2096/trettelbach/images//1069432632_103-111MHz_XX_r-1.0_v2.1.fits,0
/group/director2096/trettelbach/images//1069433352_162-170MHz_XX_r-1.0_v2.1.fits,0
/group/director2096/trettelbach/images//1069433592_216-223MHz_XX_r-1.0_v2.1.fits,0
/group/director2096/trettelbach/images//1069433952_162-170MHz_XX_r-1.0_v2.1.fits,0
/group/director2096/trettelbach/images//1069434192_208-216MHz_XX_r-1.0_v2.1.fits,0
/group/director2096/trettelbach/images//1069434552_139-147MHz_XX_r-1.0_v2.1.fits,0
/group/director2096/trettelbach/images//1069434672_170-177MHz_XX_r-1.0_v2.1.fits,0
/group/director2096/trettelbach/images//1069434672_177-185MHz_XX_r-1.0_v2.1.fits,0
/group/director2096/trettelbach/images//1069434792_200-208MHz_XX_r-1.0_v2.1.fits,0
/group/director2096/trettelbach/images//1069435272_177-185MHz_XX_r-1.0_v2.1.fits,0
/group/director2096/trettelbach/images//1069435272_185-193MHz_XX_r-1.0_v2.1.fits,0
/group/director2096/trettelbach/images//1069435392_223-231MHz_XX_r-1.0_v2.1.fits,0
/group/director2096/trettelbach/images//1069435872_170-177MHz_XX_r-1.0_v2.1.fits,0
/group/director2096/trettelbach/images//1069435872_177-185MHz_XX_r-1.0_v2.1.fits,0
/group/director2096/trettelbach/images//1069435992_208-216MHz_XX_r-1.0_v2.1.fits,0
/group/director2096/trettelbach/images//1069437192_200-208MHz_XX_r-1.0_v2.1.fits,0
/group/director2096/trettelbach/images//1061476000_162-170MHz_YY_r-1.0_v2.1.fits,3
/group/director2096/trettelbach/images//1086460000_223-231MHz_YY_r-1.0_v2.1.fits,3
/group/director2096/trettelbach/images//1060094016_200-208MHz_XX_r-1.0_v2.1.fits,3
/group/director2096/trettelbach/images//1060094016_223-231MHz_XX_r-1.0_v2.1.fits,3
/group/director2096/trettelbach/images//1060094016_223-231MHz_YY_r-1.0_v2.1.fits,3
/group/director2096/trettelbach/images//1060095216_208-216MHz_YY_r-1.0_v2.1.fits,3
/group/director2096/trettelbach/images//1060095816_208-216MHz_YY_r-1.0_v2.1.fits,3
/group/director2096/trettelbach/images//1060096416_208-216MHz_YY_r-1.0_v2.1.fits,3
/group/director2096/trettelbach/images//1060097016_208-216MHz_XX_r-1.0_v2.1.fits,3
/group/director2096/trettelbach/images//1060097616_208-216MHz_XX_r-1.0_v2.1.fits,3
/group/director2096/trettelbach/images//1060099776_162-170MHz_YY_r-1.0_v2.1.fits,3
/group/director2096/trettelbach/images//1060872496_208-216MHz_XX_r-1.0_v2.1.fits,3
/group/director2096/trettelbach/images//1061474800_162-170MHz_XX_r-1.0_v2.1.fits,3
/group/director2096/trettelbach/images//1061474920_185-193MHz_YY_r-1.0_v2.1.fits,3
/group/director2096/trettelbach/images//1061475400_162-170MHz_YY_r-1.0_v2.1.fits,3
/group/director2096/trettelbach/images//1061475520_185-193MHz_YY_r-1.0_v2.1.fits,3
/group/director2096/trettelbach/images//1061476000_139-147MHz_XX_r-1.0_v2.1.fits,3
/group/director2096/trettelbach/images//1086461800_223-231MHz_XX_r-1.0_v2.1.fits,3
/group/director2096/trettelbach/images//1086461800_223-231MHz_YY_r-1.0_v2.1.fits,3
/group/director2096/trettelbach/images//1086462400_208-216MHz_XX_r-1.0_v2.1.fits,3
/group/director2096/trettelbach/images//1086462400_216-223MHz_XX_r-1.0_v2.1.fits,3
/group/director2096/trettelbach/images//1086462400_216-223MHz_YY_r-1.0_v2.1.fits,3
/group/director2096/trettelbach/images//1086462400_223-231MHz_YY_r-1.0_v2.1.fits,3
/group/director2096/trettelbach/images//1086532360_223-231MHz_XX_r-1.0_v2.1.fits,3
/group/director2096/trettelbach/images//1086534160_223-231MHz_YY_r-1.0_v2.1.fits,3
/group/director2096/trettelbach/images//1086537760_216-223MHz_YY_r-1.0_v2.1.fits,3
/group/director2096/trettelbach/images//1086537760_223-231MHz_YY_r-1.0_v2.1.fits,3
/group/director2096/trettelbach/images//1087148680_223-231MHz_YY_r-1.0_v2.1.fits,3
/group/director2096/trettelbach/images//1087149880_223-231MHz_XX_r-1.0_v2.1.fits,3
/group/director2096/trettelbach/images//1087149880_223-231MHz_YY_r-1.0_v2.1.fits,3
/group/director2096/trettelbach/images//1087151680_223-231MHz_XX_r-1.0_v2.1.fits,3
/group/director2096/trettelbach/images//1061476120_185-193MHz_XX_r-1.0_v2.1.fits,3
/group/director2096/trettelbach/images//1061476600_139-147MHz_YY_r-1.0_v2.1.fits,3
/group/director2096/trettelbach/images//1061476600_154-162MHz_XX_r-1.0_v2.1.fits,3
/group/director2096/trettelbach/images//1061477200_139-147MHz_XX_r-1.0_v2.1.fits,3
/group/director2096/trettelbach/images//1061477320_193-200MHz_XX_r-1.0_v2.1.fits,3
/group/director2096/trettelbach/images//1061477320_193-200MHz_YY_r-1.0_v2.1.fits,3
/group/director2096/trettelbach/images//1061477920_193-200MHz_XX_r-1.0_v2.1.fits,3
/group/director2096/trettelbach/images//1061478640_208-216MHz_YY_r-1.0_v2.1.fits,3
/group/director2096/trettelbach/images//1061478640_216-223MHz_XX_r-1.0_v2.1.fits,3
/group/director2096/trettelbach/images//1061478640_216-223MHz_YY_r-1.0_v2.1.fits,3
/group/director2096/trettelbach/images//1061483080_103-111MHz_YY_r-1.0_v2.1.fits,3
/group/director2096/trettelbach/images//1067695912_223-231MHz_XX_r-1.0_v2.1.fits,3
/group/director2096/trettelbach/images//1077907496_177-185MHz_YY_r-1.0_v2.1.fits,3
/group/director2096/trettelbach/images//1077908088_177-185MHz_XX_r-1.0_v2.1.fits,3
/group/director2096/trettelbach/images//1077908688_177-185MHz_XX_r-1.0_v2.1.fits,3
/group/director2096/trettelbach/images//1079025344_223-231MHz_YY_r-1.0_v2.1.fits,3
/group/director2096/trettelbach/images//1086460000_208-216MHz_YY_r-1.0_v2.1.fits,3
/group/director2096/trettelbach/images//1086460000_216-223MHz_YY_r-1.0_v2.1.fits,3
